Prot1,Prot2,Score
A0A087WTH5,v_1,0.97314
A0A087X1C5,v_0,0.96361
A0A087X1C5,v_1,0.744855
A0A096LNP1,v_121,0.95763
A0A096LP01,v_1,0.719
A0A0B4J2D5,v_1,0.845
A0A140G945,v_0,0.8354299999999999
A0A140G945,v_1,0.7944899999999999
A0A140G945,v_4,0.85443
A0A1B0GTU1,v_0,0.93895
A0A1B0GUS4,v_1,0.95435
A0A1B0GUS4,v_4,0.74254
A0A1B0GVZ6,v_0,0.98646
A0A1B0GVZ6,v_1,0.96913
A0A1W2PPG7,v_1,0.715195
A0A1W2PRP0,v_1,0.7103
A0A1W2PRP0,v_2,0.70292
A0A1W2PRP0,v_4,0.7041999999999999
A0AUZ9,v_1,0.745
A0PG75,v_1,0.781
A0PJK1,v_1,0.745115
A0PJX4,v_1,0.84
A0PK11,v_1,0.711
A1A4V9,v_1,0.93952
A1A580,v_1,0.8688
A1A580,v_4,0.87536
A1A5B4,v_1,0.89405
A1A5D9,v_1,0.8595200000000001
A1KXE4,v_1,0.808
A1KXE4,v_2,0.913
A1KXE4,v_4,0.7863399999999999
A1L162,v_1,0.84
A1L168,v_1,0.812
A1L168,v_4,0.8964
A1YPR0,v_1,0.87316
A2A3N6,v_1,0.73332
A2IDD5,v_1,0.757
A2RRL7,v_0,0.89344
A2RRL7,v_1,0.8664
A2RU48,v_1,0.85552
A2RUQ5,v_1,0.8736
A2RUR9,v_1,0.8715200000000001
A2RUT3,v_0,0.9024
A4D1E1,v_1,0.9
A4D1Z8,v_1,0.736
A4QPB2,v_1,0.8992
A4UGR9,v_1,0.8515999999999999
A5PLL1,v_1,0.741
A5PLN9,v_0,0.99385
A5PLN9,v_1,0.88552
A5PLN9,v_164,0.7148
A5PLN9,v_2,0.99744
A5PLN9,v_4,0.84
A6H8Z2,v_0,0.84
A6H8Z2,v_1,0.84
A6NC42,Q4VXA5,0.94848
A6NC42,v_1,0.705
A6NC78,v_1,0.910025
A6NCE7,v_0,0.8871199999999999
A6NCE7,v_1,0.84
A6NCE7,v_2,0.84
A6NCE7,v_4,0.793
A6NCF6,v_0,0.79508
A6NCF6,v_1,0.80074
A6NCI4,v_1,0.76
A6NCL2,v_1,0.7
A6NCM1,v_1,0.758
A6NDN8,v_8,0.7706
A6NDU8,Q7Z5A8,0.868
A6NDU8,v_1,0.84
A6NDV4,v_1,0.762
A6NDX5,v_0,0.7039549999999999
A6NDX5,v_1,0.7075
A6NDX5,v_28,0.706745
A6NEC2,v_1,0.78251
A6NEF3,v_82,0.991125
A6NEL3,v_1,0.90951
A6NF01,v_8,0.7367199999999999
A6NF34,v_1,0.708
A6NFA1,v_1,0.762
A6NFD8,v_1,0.73148
A6NFN3,v_0,0.74
A6NFN3,v_1,0.763
A6NFN3,v_40,0.70435
A6NFN3,v_8,0.938
A6NGQ2,Q4VXA5,0.944
A6NGQ2,Q6TGC4,0.707
A6NGQ2,v_2,0.8420000000000001
A6NGU5,v_0,0.98138
A6NGU5,v_1,0.7222
A6NGU5,v_79,0.86287
A6NGW2,v_25,0.98528
A6NHM9,v_1,0.92628
A6NHQ4,v_1,0.90768
A6NHQ4,v_4,0.95216
A6NHY2,v_2,0.77704
A6NHZ5,v_0,0.725
A6NI61,v_1,0.877
A6NI79,v_1,0.8216
A6NIH7,v_1,0.8891850000000001
A6NIH7,v_8,0.7568
A6NIZ1,v_0,0.98552
A6NIZ1,v_1,0.75471
A6NJY1,v_1,0.7207399999999999
A6NK44,v_1,0.94768
A6NK97,v_1,0.74
A6NKH3,v_1,0.87015
A6NKL6,v_1,0.74
A6NKN8,v_1,0.84
A6NKU9,v_1,0.8
A6NKX4,v_0,0.731
A6NKX4,v_1,0.71
A6NL99,O14520,0.93055
A6NLJ0,v_1,0.701
A6NLU5,v_1,0.75842
A6NLU5,v_10,0.7374149999999999
A6NLU5,v_2,0.8059050000000001
A6NLU5,v_54,0.852295
A6NLX3,v_0,0.732
A6NLX3,v_1,0.8
A6NLX3,v_2,0.701
A6NM43,v_1,0.72201
A6NMT0,Q03828,0.72796
A6NMT0,v_0,0.76759
A6NMT0,v_1,0.7306900000000001
A6NMT0,v_2,0.778745
A6NMY6,Q5VT79,0.7246199999999999
A6NMY6,v_1,0.74352
A6NMY6,v_24,0.7246199999999999
A6NMZ5,v_8,0.7207600000000001
A6NN90,v_2,0.7084999999999999
A6NNL5,v_1,0.87024
A6NNP5,v_1,0.708
A6NNT2,Q08AI6,0.714
A6NNT2,v_0,0.72
A6NNT2,v_1,0.7765
A6PVI3,v_0,0.730635
A6PVI3,v_1,0.781
A6PVI3,v_2,0.73482
A6PVI3,v_4,0.7131
A6XGL0,v_1,0.791155
A6XGL0,v_2,0.835
A7MD48,v_1,0.73
A7MD48,v_2,0.855
A8MPS7,v_1,0.87232
A8MT19,v_1,0.88839
A8MT65,v_1,0.708985
A8MTL3,v_0,0.794
A8MTL3,v_1,0.7825
A8MTL3,v_8,0.778
A8MTZ0,v_0,0.84
A8MTZ0,v_1,0.84
A8MUH7,v_0,0.8532200000000001
A8MUU1,v_0,0.86234
A8MUU1,v_1,0.723645
A8MV65,P28347,0.9732
A8MV65,v_0,0.862
A8MV65,v_1,0.7918000000000001
A8MV81,v_0,0.745
A8MVX0,v_0,0.9
A8MVX0,v_1,0.9
A8MVX0,v_2,0.9
A8MW95,v_1,0.77204
A8MWD9,v_0,0.77028
A8MWD9,v_1,0.70133
A8MWD9,v_2,0.70133
A8MWK0,v_1,0.74957
A8MWL6,v_1,0.9334
A8MWL7,Q9NUH8,0.95837
A8MXQ7,v_1,0.74
A8MXU0,v_28,0.95846
A8MZ97,v_1,0.84
A8MZ97,v_2,0.86
B1APH4,v_1,0.74
B2CW77,v_1,0.729
B2RPK0,v_0,0.7751399999999999
B2RPK0,v_1,0.74
B7Z368,v_1,0.731
B7ZBB8,v_1,0.896
C9J7I0,v_1,0.84
C9JL84,v_1,0.784
C9JXX5,v_0,0.708
C9JXX5,v_28,0.731
C9JXX5,v_8,0.709
E7ERA6,v_1,0.7960750000000001
E7EU14,v_1,0.8504649999999999
E9PRG8,v_1,0.79
G2XKQ0,v_1,0.96757
G9CGD6,v_0,0.93294
G9CGD6,v_1,0.8700200000000001
G9CGD6,v_2,0.8990299999999999
H3BNL1,v_1,0.7375
H3BR10,v_8,0.87776
O00115,v_0,0.9
O00115,v_1,0.901
O00141,P04150,0.787
O00141,P42336,0.89681
O00141,P42345,0.99928
O00141,P60484,0.725
O00141,Q7Z406,0.7032
O00141,Q96BR1,0.98211
O00141,Q9NVA4,0.84
O00141,v_0,0.84
O00141,v_1,0.8267450000000001
O00141,v_2,0.80813
O00141,v_4,0.7788
O00141,v_8,0.908
O00141,v_9,0.713205
O00160,v_1,0.836375
O00160,v_2,0.787
O00160,v_4,0.703525
O00160,v_8,0.8683200000000001
O00287,v_0,0.84
O00287,v_1,0.8266
O00287,v_10,0.948
O00287,v_4,0.81
O00329,O00443,0.99523
O00329,O00750,0.99536
O00329,O60542,0.9
O00329,P42336,0.99862
O00329,P42338,0.99967
O00329,P42345,0.95763
O00329,P48736,0.99979
O00329,P60484,0.969
O00329,P78527,0.74341
O00329,Q8NEB9,0.98735
O00329,Q96Q15,0.75762
O00329,Q9UBF8,0.7940699999999999
O00329,v_0,0.96263
O00329,v_1,0.894
O00329,v_2,0.9
O00329,v_4,0.917215
O00329,v_65,0.9
O00443,O00750,0.99976
O00443,P42336,0.98705
O00443,P42338,0.99576
O00443,P48736,0.99563
O00443,P60484,0.936
O00443,P78527,0.74978
O00443,Q5HYK7,0.9
O00443,Q5SZD1,0.84
O00443,Q8NEB9,0.98779
O00443,Q96Q15,0.75354
O00443,Q9UBF8,0.98215
O00443,v_0,0.901
O00443,v_1,0.902
O00443,v_104,0.907
O00443,v_2,0.9
O00443,v_4,0.903
O00750,P42336,0.99731
O00750,P42338,0.99577
O00750,P48736,0.99582
O00750,P60484,0.946
O00750,P78527,0.74665
O00750,Q8NEB9,0.98821
O00750,Q9UBF8,0.98536
O00750,v_0,0.773
O00750,v_1,0.81
O00750,v_2,0.792845
O00750,v_4,0.89094
O00754,P49641,0.95704
O00754,Q16706,0.96109
O00754,Q9Y2E5,0.99512
O00754,v_0,0.9025000000000001
O00754,v_1,0.902
O00754,v_2,0.9
O00754,v_4,0.904
O00754,v_8,0.902
O00762,P55317,0.708
O00762,Q86Y91,0.859
O00762,v_0,0.919
O00762,v_1,0.9165000000000001
O00762,v_2,0.904
O00762,v_4,0.925
O00762,v_8,0.9085000000000001
O14494,v_1,0.86882
O14512,v_1,0.83514
O14512,v_2,0.7372
O14512,v_4,0.927045
O14513,v_1,0.84
O14520,Q8NBQ7,0.87082
O14520,v_110,0.8992
O14548,v_0,0.94969
O14548,v_1,0.9655
O14548,v_2,0.97681
O14548,v_8,0.736
O14569,v_1,0.89464
O14626,v_8,0.73418
O14894,v_2,0.718
O14926,v_1,0.868725
O15063,v_1,0.85416
O15063,v_4,0.8764799999999999
O15392,Q96A19,0.84
O15392,v_0,0.84
O15392,v_1,0.84
O15392,v_2,0.84
O15393,P07288,0.86969
O15393,P10275,0.94
O15393,P20151,0.86008
O15393,Q99801,0.856
O15393,v_0,0.844935
O15393,v_1,0.81472
O15393,v_2,0.80565
O15393,v_8,0.812205
O15428,v_0,0.776
O15482,Q14667,0.8657600000000001
O15482,v_1,0.84
O15482,v_19,0.84
O15482,v_2,0.84
O15482,v_8,0.84
O15529,v_1,0.76
O15535,v_0,0.8992
O15535,v_1,0.84
O15535,v_4,0.8992
O43299,v_0,0.812
O43299,v_1,0.9
O43299,v_2,0.9
O43299,v_4,0.8315
O43422,P38935,0.84
O43422,Q8WTV1,0.8506600000000001
O43422,v_0,0.84
O43422,v_1,0.84
O43422,v_111,0.85482
O43422,v_2,0.84
O43422,v_4,0.91116
O43781,Q569H4,0.745
O43781,v_1,0.725185
O43781,v_2,0.848
O43866,v_1,0.7155
O43908,v_0,0.95189
O43908,v_1,0.7705
O43908,v_10,0.86467
O43908,v_4,0.949965
O43930,v_1,0.80002
O60290,v_1,0.71477
O60299,v_1,0.84
O60299,v_2,0.84
O60299,v_4,0.709
O60361,v_0,0.929805
O60361,v_1,0.95977
O60397,v_0,0.82205
O60519,O60676,0.72
O60519,v_1,0.781285
O60542,P42336,0.9
O60542,P42338,0.9
O60542,v_1,0.9005000000000001
O60542,v_2,0.93
O60542,v_4,0.9115
O60676,v_1,0.863
O60704,v_1,0.84
O60704,v_2,0.8524
O60830,v_0,0.84
O60830,v_1,0.84
O60830,v_2,0.84
O60830,v_4,0.84
O75071,v_1,0.89936
O75112,v_0,0.785585
O75112,v_1,0.84
O75123,v_1,0.72881
O75343,v_0,0.92484
O75343,v_1,0.9253800000000001
O75352,v_0,0.8325
O75352,v_1,0.8
O75352,v_2,0.778
O75409,v_1,0.86544
O75425,v_8,0.7188
O75575,v_0,0.9445
O75575,v_1,0.902
O75575,v_116,0.7544
O75575,v_151,0.901
O75575,v_2,0.95657
O75575,v_8,0.9
O75711,v_1,0.87008
O76054,v_1,0.757
O76054,v_118,0.8395
O94854,v_1,0.84
O94905,P42336,0.9
O94905,v_0,0.8915200000000001
O94905,v_1,0.9
O94905,v_2,0.86464
O94905,v_4,0.9
O95045,Q9H0P0,0.736
O95045,v_1,0.9265000000000001
O95158,v_0,0.715
O95158,v_2,0.761
O95389,v_1,0.93693
O95389,v_2,0.87024
O95389,v_83,0.85569
O95397,v_1,0.90962
O95447,v_0,0.84
O95447,v_1,0.84
O95948,v_1,0.82462
O95965,v_1,0.9
O96033,v_1,0.8992
P00915,v_0,0.7965
P00915,v_1,0.7916300000000001
P01148,P10275,0.849
P01148,P42336,0.907
P01148,v_0,0.913
P01148,v_1,0.906
P01148,v_2,0.9
P01148,v_4,0.874
P01148,v_62,0.95
P01148,v_8,0.9
P01215,v_1,0.92
P01242,v_1,0.84
P01889,P04439,0.99896
P01889,P10321,0.99856
P01889,P17693,0.99814
P01889,P30511,0.98604
P01889,Q95460,0.95935
P01889,v_0,0.84
P01889,v_1,0.84
P01889,v_10,0.803715
P01889,v_2,0.84
P01889,v_4,0.786125
P01889,v_75,0.7909299999999999
P04150,P10275,0.98195
P04150,P28845,0.754
P04150,P42336,0.919
P04150,P78527,0.7764
P04150,Q14994,0.78045
P04150,Q15672,0.917
P04150,Q15788,0.99808
P04150,Q99801,0.93388
P04150,Q9UKL3,0.74
P04150,Q9Y5X4,0.88354
P04150,Q9Y618,0.9604
P04150,v_0,0.915
P04150,v_1,0.87564
P04150,v_2,0.9
P04150,v_4,0.942355
P04150,v_8,0.916
P04211,v_10,0.74858
P04211,v_2,0.78796
P04211,v_54,0.70362
P04439,P10321,0.99789
P04439,P17693,0.99819
P04439,P30511,0.99395
P04439,Q95460,0.95953
P04439,v_0,0.8200000000000001
P04439,v_1,0.84
P04439,v_10,0.7662800000000001
P04439,v_2,0.84
P04439,v_4,0.84
P04439,v_75,0.70133
P04745,v_0,0.84
P04745,v_1,0.84
P04745,v_2,0.84
P04745,v_4,0.8906350000000001
P04745,v_9,0.84
P05093,P10275,0.807
P05093,P18405,0.972
P05093,P37058,0.98
P05093,P42330,0.966
P05093,P98187,0.7282
P05093,v_0,0.7975
P05093,v_1,0.78641
P05093,v_2,0.84
P05160,P22891,0.813
P05160,v_1,0.8085
P05160,v_2,0.71316
P05204,v_0,0.86608
P05204,v_1,0.84
P05204,v_2,0.74
P05204,v_4,0.87344
P06881,v_1,0.95763
P07288,P10275,0.99952
P07288,P20151,0.95601
P07288,Q99801,0.71
P07288,v_0,0.83946
P07288,v_1,0.8384400000000001
P07288,v_2,0.88154
P07288,v_8,0.83206
P08118,v_1,0.785
P09544,v_0,0.8678
P09544,v_1,0.918
P09544,v_2,0.97069
P09544,v_4,0.816
P0C263,P0C264,0.75832
P0C263,Q5T9Z0,0.758
P0C264,v_1,0.732
P0C2L3,v_1,0.844
P0C2S0,Q9P2K5,0.711
P0C672,v_1,0.80484
P0C7N8,v_8,0.83677
P0C7P4,v_0,0.99678
P0C7Q2,v_1,0.7965
P0C7Q5,v_1,0.8573
P0C7T8,Q5TH69,0.733
P0C7T8,v_1,0.84
P0C7V7,v_0,0.92635
P0C7V7,v_1,0.84395
P0C7X4,v_1,0.892695
P0C7X5,Q96NJ3,0.8889600000000001
P0C851,v_0,0.779
P0C851,v_1,0.827
P0C860,v_1,0.8275100000000001
P0CAP1,v_1,0.753
P0CAP1,v_8,0.765
P0CAT3,v_1,0.755
P0CB47,P0CB48,0.8749
P0CG22,v_0,0.84706
P0CG22,v_1,0.72512
P0CG34,P0CG35,1.0
P0CG34,v_0,0.73582
P0CG35,v_0,0.73582
P0CJ68,P0DMP1,0.79762
P0CJ68,v_0,0.7276
P0CJ68,v_1,0.7276
P0CJ68,v_80,0.902735
P0CJ74,v_80,0.80405
P0CW00,Q01534,0.96682
P0CW00,v_137,0.98995
P0CW24,v_1,0.9099200000000001
P0DJD0,v_0,0.8
P0DJD0,v_1,0.86054
P0DJD0,v_4,0.9927349999999999
P0DJD3,v_0,0.91835
P0DJD3,v_1,0.84
P0DJD3,v_39,0.99894
P0DJD3,v_4,0.84
P0DKL9,v_4,0.736
P0DM35,v_1,0.8035
P0DME0,v_0,0.7124
P0DME0,v_1,0.93256
P0DME0,v_4,0.7176
P0DMN0,v_0,0.94189
P0DMN0,v_1,0.92104
P0DMP1,v_80,0.77849
P0DN76,Q8WU68,0.9441
P0DN76,v_0,0.7662800000000001
P0DN76,v_1,0.7662800000000001
P0DN76,v_4,1.0
P0DP24,v_1,0.94888
P0DPK3,v_1,0.96508
P0DPK3,v_33,0.96508
P0DQD5,v_2,1.0
P10275,P15514,0.75
P10275,P20151,0.986
P10275,P42330,0.772
P10275,P42336,0.945
P10275,P55317,0.99978
P10275,P60484,0.9852
P10275,P78527,0.95792
P10275,Q01534,0.7
P10275,Q05066,0.8
P10275,Q07912,0.99318
P10275,Q15788,0.99948
P10275,Q96K83,0.907
P10275,Q99801,0.893
P10275,Q9NQU5,0.866
P10275,Q9Y618,0.9388
P10275,Q9Y675,0.9
P10275,v_0,0.9012
P10275,v_1,0.9
P10275,v_2,0.9
P10275,v_4,0.9344
P10275,v_8,0.901
P10321,P17693,0.99694
P10321,P30511,0.99663
P10321,Q95460,0.97406
P10321,v_0,0.84
P10321,v_1,0.84
P10321,v_10,0.7409300000000001
P10321,v_2,0.84
P10321,v_4,0.8200000000000001
P10321,v_75,0.775995
P10645,v_0,0.8992
P10645,v_1,0.866
P10645,v_170,0.8830399999999999
P10645,v_4,0.817
P10745,v_1,0.7304999999999999
P10745,v_4,0.7095
P13500,P22897,0.702
P13500,Q9NPB9,0.9403
P13500,v_0,0.914
P13500,v_1,0.809
P13500,v_2,0.860815
P13500,v_4,0.94
P13500,v_7,0.75266
P13500,v_8,0.96694
P15428,P28845,0.75641
P15428,v_1,0.7705
P15514,v_0,0.9
P15514,v_1,0.9
P15514,v_2,0.9
P16410,Q9NZQ7,0.99144
P16410,v_1,0.85509
P16410,v_2,0.769255
P16410,v_4,0.84437
P16442,v_1,0.909
P17098,v_1,0.86464
P17693,P30511,0.99997
P17693,Q95460,0.98231
P17693,Q9NZQ7,0.78147
P17693,v_0,0.9433
P17693,v_1,0.9
P17693,v_10,0.9012
P17693,v_2,0.9069
P17693,v_4,0.944
P17693,v_8,0.9
P17927,v_1,0.9
P18405,P37058,0.977
P18405,P42330,0.972
P18405,Q5HYJ1,0.83488
P18405,v_0,0.774
P18405,v_1,0.964
P18405,v_2,0.94236
P20151,v_0,0.8088
P20151,v_1,0.8353799999999999
P20151,v_10,0.7976
P20151,v_2,0.890085
P20151,v_8,0.8254250000000001
P22102,P46782,0.79
P22102,v_0,0.7695000000000001
P22102,v_1,0.8334999999999999
P22102,v_2,0.7248600000000001
P22102,v_4,0.944
P22102,v_40,0.9512
P22102,v_8,0.866
P22891,v_0,0.834185
P22891,v_1,0.84
P22891,v_2,0.90378
P22891,v_4,0.84
P22891,v_8,0.86808
P22897,v_1,0.7404999999999999
P22897,v_2,0.77057
P22897,v_4,0.8765000000000001
P23942,P43080,0.707
P23942,v_1,0.8225
P25705,P36542,0.99984
P25705,Q9NRP2,0.9
P25705,v_0,0.89496
P25705,v_1,0.8782
P25705,v_2,0.9
P25705,v_4,0.7688
P25705,v_8,0.922
P26436,v_0,0.701
P26436,v_1,0.741
P26436,v_2,0.827
P26436,v_76,0.789
P27544,v_1,0.748
P27544,v_8,0.84
P28221,v_0,0.9
P28221,v_1,0.92533
P28221,v_2,0.912
P28221,v_4,0.907
P28221,v_8,0.912
P28347,Q15788,0.7708
P28347,v_0,0.98786
P28347,v_1,0.8174999999999999
P28347,v_2,0.843
P28347,v_30,0.7388
P28845,v_0,0.707
P28845,v_1,0.8771200000000001
P30511,Q95460,0.98289
P30511,v_0,0.783
P30511,v_1,0.9035
P30511,v_10,0.89802
P30511,v_2,0.904
P30511,v_4,0.926
P30511,v_75,0.70133
P30511,v_8,0.9
P31271,v_0,0.72287
P31271,v_1,0.727745
P31271,v_2,0.79693
P34130,P42336,0.9
P34130,v_1,0.902
P34130,v_2,0.884
P34130,v_4,0.9115
P35663,v_1,0.794
P36542,v_0,0.9258
P36542,v_1,0.84
P36542,v_2,0.9
P36542,v_4,0.84
P36542,v_8,0.8345
P37058,P42330,0.935
P37058,v_0,0.8803200000000001
P37058,v_1,0.85336
P37058,v_2,0.74052
P38935,v_0,0.75
P38935,v_1,0.8684799999999999
P38935,v_2,0.819
P42167,v_1,0.81
P42330,v_0,0.84
P42330,v_1,0.902
P42330,v_2,0.847
P42336,P42338,0.99868
P42336,P42345,0.98265
P42336,P48736,0.99876
P42336,P60484,0.996
P42336,P78527,0.76061
P42336,Q13535,0.91333
P42336,Q8NEB9,0.9803
P42336,Q96BR1,0.71317
P42336,Q96Q15,0.7664
P42336,Q9UBF8,0.83283
P42336,v_0,0.9015
P42336,v_1,0.9
P42336,v_12,0.915
P42336,v_2,0.9
P42336,v_4,0.906
P42336,v_8,0.905
P42338,P42345,0.96034
P42338,P48736,0.99959
P42338,P60484,0.982
P42338,P78527,0.75257
P42338,Q8NEB9,0.98796
P42338,Q96Q15,0.75245
P42338,Q9H7D7,0.7732
P42338,Q9UBF8,0.83134
P42338,v_0,0.9
P42338,v_1,0.9
P42338,v_2,0.901
P42338,v_4,0.9055
P42345,P48736,0.8808
P42345,P60484,0.9804
P42345,P78527,0.99373
P42345,Q13535,0.97775
P42345,Q8NEB9,0.93306
P42345,Q96BR1,0.87282
P42345,Q96Q15,0.8985700000000001
P42345,Q9NZQ7,0.92512
P42345,Q9Y4A5,0.8892700000000001
P42345,v_0,0.7846
P42345,v_1,0.89985
P42345,v_2,0.9019699999999999
P42345,v_33,0.86656
P42345,v_4,0.92
P42345,v_8,0.899335
P43080,v_0,0.9995
P43080,v_1,0.782
P43080,v_2,0.8192
P46782,Q96Q15,0.902
P46782,v_0,0.9993000000000001
P46782,v_1,0.921
P46782,v_2,0.901
P46782,v_4,0.978
P46782,v_8,0.9996
P47944,v_1,0.753
P48736,P60484,0.784
P48736,P78527,0.7561100000000001
P48736,Q8NEB9,0.9924
P48736,Q96Q15,0.76021
P48736,Q9UBF8,0.79533
P48736,v_0,0.935
P48736,v_1,0.903
P48736,v_2,0.9
P48736,v_4,0.9275
P48736,v_68,0.91462
P48736,v_8,0.9155
P49641,Q16706,0.99728
P49641,Q9UBM8,0.8771200000000001
P49641,Q9Y2E5,0.95855
P49641,v_0,0.9
P49641,v_1,0.905
P49641,v_2,0.84
P49641,v_83,0.84
P49795,v_0,0.941
P49795,v_1,0.88504
P49795,v_2,0.9056
P49795,v_33,0.7032
P52943,v_0,0.8992
P52943,v_1,0.8992
P53674,v_1,0.857
P53674,v_2,0.7949999999999999
P53674,v_4,0.8089999999999999
P54792,v_1,0.8790549999999999
P55317,Q15788,0.928
P55317,Q6UXD5,0.84
P55317,Q99801,0.795
P55317,v_0,0.902
P55317,v_1,0.896
P55317,v_2,0.78915
P55317,v_4,0.74393
P55317,v_60,0.74361
P55317,v_8,0.9
P55344,v_0,0.84
P56555,v_1,0.889
P57738,v_1,0.9496
P59074,v_1,0.8223799999999999
P59103,v_1,0.731
P59797,v_0,0.8374999999999999
P59797,v_1,0.805
P59797,v_2,0.8045
P60014,v_2,0.7249000000000001
P60014,v_33,0.7265199999999999
P60153,v_1,0.95024
P60484,Q8NEB9,0.972
P60484,Q99801,0.793
P60484,Q9NV92,0.7996
P60484,Q9NZQ7,0.832
P60484,Q9P1Z9,0.748
P60484,Q9UBF8,0.926
P60484,v_0,0.909
P60484,v_1,0.8862
P60484,v_119,0.75372
P60484,v_2,0.902
P60484,v_4,0.935
P60484,v_8,0.885
P60985,v_1,0.716
P63092,v_1,0.748
P63092,v_4,0.74
P69891,v_0,0.99885
P78527,Q00341,0.7536
P78527,Q13535,0.94748
P78527,Q8NEB9,0.74878
P78527,Q96DT6,0.84
P78527,Q96Q15,0.90753
P78527,Q9Y4A5,0.8970799999999999
P78527,v_0,0.82935
P78527,v_1,0.86864
P78527,v_2,0.9
P78527,v_4,0.923
P78527,v_8,0.8062
P85298,v_1,0.84
P98153,v_1,0.87184
P98187,v_0,0.7395
P98187,v_1,0.72812
P98187,v_2,0.70782
Q00341,v_1,0.8528800000000001
Q00341,v_128,0.9364
Q00341,v_2,0.84
Q00341,v_4,0.84
Q01534,v_1,0.77183
Q02080,v_1,0.808125
Q03060,Q96PC5,0.84
Q03060,Q9UKL3,0.84
Q03060,v_1,0.84
Q03591,v_1,0.906
Q03591,v_2,0.832
Q03828,v_0,0.71465
Q03828,v_1,0.75205
Q05066,v_1,0.94933
Q05DH4,v_1,0.98544
Q07912,v_0,0.7456
Q07912,v_1,0.8264
Q07912,v_10,0.78288
Q07912,v_2,0.93416
Q07912,v_4,0.83214
Q08170,v_0,0.914
Q08170,v_1,0.9125000000000001
Q08170,v_2,0.903
Q08170,v_4,0.97312
Q08170,v_8,0.9239999999999999
Q08AI6,v_0,0.704
Q08AI8,v_111,0.707
Q08AI8,v_52,0.9024
Q0GE19,Q3KNW5,0.74023
Q0GE19,Q5PT55,0.8169
Q0GE19,v_0,0.84
Q0GE19,v_1,0.8277200000000001
Q0GE19,v_2,0.84
Q0P5P2,v_1,0.84
Q0VAA5,v_1,0.718
Q0VAQ4,v_1,0.7064
Q0VDG4,v_1,0.8549599999999999
Q0VF49,Q5TIE3,0.816
Q0VF49,v_1,0.805
Q0VF49,v_2,0.71
Q0VF49,v_4,0.701
Q12766,v_0,0.8992
Q12766,v_1,0.752
Q12894,v_1,0.84
Q12894,v_4,0.84
Q13433,v_1,0.8114
Q13433,v_2,0.84
Q13434,v_1,0.9476450000000001
Q13535,Q8N635,0.775
Q13535,Q8NEB9,0.7457199999999999
Q13535,Q96Q15,0.91166
Q13535,Q9NZQ7,0.8648
Q13535,Q9Y4A5,0.8595700000000001
Q13535,v_0,0.90272
Q13535,v_1,0.911
Q13535,v_10,0.84
Q13535,v_126,0.9
Q13535,v_2,0.87656
Q13535,v_4,0.9
Q13535,v_8,0.9165000000000001
Q13609,Q92874,0.8062699999999999
Q13938,v_1,0.89896
Q14409,v_1,0.870325
Q14512,v_0,0.92
Q14512,v_1,0.968
Q14667,v_1,0.87216
Q147U7,Q96BR1,0.84
Q147U7,v_1,0.97792
Q14994,Q15788,0.9848
Q14994,Q9Y5X4,0.71909
Q14994,v_0,0.803
Q14994,v_1,0.864665
Q15011,Q9P2P6,0.84
Q15011,v_0,0.80407
Q15011,v_1,0.8128
Q15011,v_2,0.8320000000000001
Q155Q3,v_1,0.87531
Q15672,v_0,0.815
Q15672,v_1,0.8616
Q15672,v_2,0.91
Q15672,v_4,0.731
Q15723,v_1,0.7938000000000001
Q15788,Q96EK7,0.923
Q15788,Q9Y618,0.968
Q15788,v_0,0.901
Q15788,v_1,0.9035
Q15788,v_2,0.8992
Q15788,v_4,0.84
Q16206,v_1,0.84
Q16281,v_1,0.84
Q16281,v_2,0.84
Q16281,v_72,0.756
Q16378,v_0,0.87024
Q16378,v_1,0.84
Q16587,v_0,0.70363
Q16587,v_1,0.70892
Q16587,v_4,0.70798
Q16611,v_0,0.748
Q16611,v_1,0.8828
Q16611,v_2,0.9412
Q16647,v_0,0.73123
Q16647,v_1,0.788
Q16706,Q9UBM8,0.92464
Q16706,Q9Y2E5,0.9569
Q16706,v_0,0.9165000000000001
Q16706,v_1,0.931
Q16706,v_2,0.7516
Q16706,v_83,0.84
Q16798,v_1,0.8710200000000001
Q16873,v_1,0.802
Q17R31,v_1,0.771
Q17R31,v_2,0.717
Q17RM4,v_1,0.86
Q1L6U9,v_1,0.923
Q1X8D7,v_1,0.8683200000000001
Q2M3D2,v_1,0.87936
Q2M3D2,v_2,0.84
Q2M3G4,Q2M3V2,0.726
Q2M3G4,v_1,0.9264
Q2M3R5,v_2,0.8206
Q2NKX9,v_1,0.84
Q2NL67,v_1,0.721205
Q2NL67,v_4,0.7077600000000001
Q2PPJ7,v_1,0.95744
Q2PPJ7,v_2,0.76
Q2QD12,v_1,0.9881800000000001
Q2TAK8,v_1,0.866
Q2TB18,v_1,0.87008
Q2TB18,v_2,0.84
Q2TB18,v_4,0.84
Q2TBC4,v_1,0.882
Q2VPA4,v_2,0.8096
Q3B8N5,v_1,0.753
Q3KNW1,v_0,0.905
Q3KNW1,v_1,0.8064
Q3KNW5,v_1,0.7424
Q3LHN2,v_1,0.7108
Q3MHD2,Q9H5U6,0.931
Q3MHD2,v_0,0.9792
Q3MHD2,v_1,0.7812
Q3MHD2,v_2,0.88728
Q3SX64,v_1,0.8716
Q3ZCQ3,v_1,0.762
Q3ZCW2,v_1,0.85848
Q3ZCW2,v_2,0.84
Q3ZCW2,v_8,0.84
Q49AJ0,v_1,0.88216
Q49AN0,v_1,0.9094
Q49AN0,v_2,0.84
Q49AN0,v_4,0.7792
Q49AN0,v_48,0.9536
Q49MG5,Q96MY7,0.713
Q49MG5,v_1,0.8415
Q49MG5,v_2,0.8160000000000001
Q49SQ1,v_8,0.72149
Q4G0I0,v_8,0.9496
Q4VC39,v_1,0.76431
Q4VXA5,v_1,0.94848
Q4W5P6,v_0,0.87584
Q4W5P6,v_1,0.712
Q502W6,v_1,0.8782399999999999
Q52LD8,v_1,0.8683200000000001
Q53RY4,v_1,0.706
Q53S08,v_0,0.99441
Q53S08,v_1,0.8123100000000001
Q569H4,v_4,0.87536
Q56P42,v_1,0.832175
Q587I9,v_2,0.84
Q59GN2,v_1,0.92246
Q5BKX5,v_0,0.8848
Q5BKX5,v_1,0.8803200000000001
Q5CZC0,v_1,0.76
Q5EBL2,v_0,0.7208
Q5EBL2,v_1,0.77
Q5EE01,v_2,0.85569
Q5GFL6,v_1,0.75985
Q5GFL6,v_2,0.737795
Q5GFL6,v_58,0.8830399999999999
Q5GH72,v_1,0.712
Q5H9E4,v_1,0.8723200000000001
Q5H9K5,v_1,0.8692799999999999
Q5H9K5,v_4,0.84
Q5H9R4,v_1,0.92272
Q5HYC2,v_30,0.9444
Q5HYJ1,v_0,0.8511799999999999
Q5HYK7,v_0,0.9
Q5HYK7,v_1,0.9
Q5HYK7,v_104,0.9
Q5HYL7,v_1,0.755
Q5HYW3,v_2,0.741435
Q5JPB2,v_55,0.745
Q5JPH6,v_0,0.9130199999999999
Q5JPH6,v_1,0.82
Q5JPH6,v_8,0.91413
Q5JPI3,v_1,0.92432
Q5JRM2,v_1,0.9188
Q5JSJ4,v_0,0.84
Q5JSJ4,v_1,0.998
Q5JU67,v_1,0.811
Q5JUK3,v_2,0.749675
Q5JUQ0,v_1,0.89744
Q5JWR5,Q7L1T6,0.726
Q5JWR5,v_1,0.724
Q5JWR5,v_2,0.774
Q5JX69,v_1,0.8522700000000001
Q5JXX7,v_1,0.84
Q5JYT7,v_1,0.729
Q5KSL6,v_1,0.84099
Q5KSL6,v_2,0.74463
Q5MJ08,v_1,0.7711749999999999
Q5MJ08,v_4,0.8268200000000001
Q5MJ09,Q5MJ10,0.7062
Q5MJ09,v_1,0.87856
Q5MJ09,v_2,0.97744
Q5RHP9,v_2,0.84
Q5RIA9,v_0,0.98951
Q5SQ64,v_1,0.72029
Q5SQN1,v_0,0.748
Q5SQN1,v_1,0.84
Q5SQN1,v_2,0.84
Q5SQN1,v_4,0.7835300000000001
Q5SRE7,v_1,0.87784
Q5SRH9,v_1,0.87584
Q5SV97,v_1,0.908
Q5SWW7,v_1,0.816
Q5SZD1,v_0,0.84
Q5SZD1,v_1,0.84
Q5SZD1,v_2,0.84
Q5T1J5,Q9NQV5,0.74
Q5T1J5,v_1,0.74
Q5T4T1,Q9HD34,0.745
Q5T4T1,v_2,0.802
Q5T5S1,v_1,0.84
Q5T5S1,v_2,0.84
Q5T5S1,v_4,0.84
Q5T6V5,v_1,0.7624
Q5T700,v_0,0.86608
Q5T700,v_1,0.84
Q5T700,v_2,0.8726400000000001
Q5T700,v_4,0.8755200000000001
Q5T754,v_1,0.9
Q5T754,v_2,0.96117
Q5T870,Q8TB68,0.836
Q5T9G4,v_1,0.7164999999999999
Q5TBA9,v_1,0.761
Q5TF21,v_0,0.86992
Q5TF21,v_1,0.86992
Q5TFE4,v_1,0.7602
Q5TFG8,v_2,0.7708
Q5TG30,v_0,0.904
Q5TG30,v_1,0.903
Q5TG30,v_2,0.8155
Q5TGS1,v_1,0.7328899999999999
Q5TGY3,v_1,0.84
Q5TGY3,v_4,0.87584
Q5TH69,v_1,0.84
Q5TH69,v_2,0.84
Q5U3C3,v_0,0.84
Q5U3C3,v_1,0.84
Q5U5X8,v_1,0.92272
Q5U623,v_1,0.8148
Q5VT79,v_1,0.7895749999999999
Q5VTE0,v_1,0.8318399999999999
Q5VTH9,Q9Y4A5,0.709
Q5VTH9,v_0,0.8576299999999999
Q5VTH9,v_1,0.806
Q5VTH9,v_2,0.778275
Q5VU69,v_1,0.8792800000000001
Q5VUB5,v_1,0.84
Q5VUB5,v_4,0.86592
Q5VUM1,v_0,0.8683200000000001
Q5VUM1,v_1,0.793
Q5VVC0,Q9Y2V0,0.767
Q5VWP3,v_1,0.714
Q5W0V3,v_1,0.808
Q5XKK7,v_1,0.8764799999999999
Q63HM2,v_0,0.84
Q63HM2,v_1,0.84
Q66K41,v_1,0.808
Q674R7,v_0,0.84
Q674R7,v_1,0.84
Q68DN1,Q6ZUS5,0.732
Q68DN1,v_1,0.771
Q69YU5,v_1,0.87184
Q69YU5,v_2,0.8689600000000001
Q6BDI9,v_1,0.785
Q6DCA0,v_1,0.85832
Q6DCA0,v_8,0.86672
Q6DD87,v_1,0.86592
Q6E0U4,v_1,0.87144
Q6EBC2,v_1,0.974
Q6EBC2,v_4,0.985
Q6IEY1,v_0,0.79505
Q6IEY1,v_2,0.72385
Q6IEY1,v_8,0.71027
Q6IMI4,v_1,0.745
Q6IPT4,Q7L1T6,0.85403
Q6IPT4,v_1,0.8418899999999999
Q6IPX3,v_2,0.93074
Q6IQ49,v_1,0.749
Q6IQ49,v_8,0.8670399999999999
Q6J272,v_0,0.7256
Q6J9G0,v_1,0.7092050000000001
Q6J9G0,v_4,0.71095
Q6JBY9,v_1,0.8
Q6NSW5,v_128,0.99639
Q6NUN7,v_1,0.84
Q6NV74,v_1,0.745
Q6NX49,v_0,0.70583
Q6NX49,v_1,0.707495
Q6NX49,v_2,0.84
Q6NX49,v_28,0.7091099999999999
Q6NX49,v_4,0.7207399999999999
Q6NXP0,v_1,0.727
Q6NXP2,v_1,0.98448
Q6NY19,Q6ZRK6,0.742
Q6NZ36,v_1,0.9032
Q6NZ63,v_43,0.98516
Q6NZY4,v_0,0.95584
Q6NZY4,v_1,0.8728
Q6NZY4,v_4,0.99984
Q6P0A1,v_1,0.7168
Q6P1M9,v_1,0.8692799999999999
Q6P1R3,v_0,0.718
Q6P1S2,v_1,0.84
Q6P1S2,v_4,0.84
Q6P1X6,Q8WUR7,0.726
Q6P1X6,v_1,0.8549599999999999
Q6P2P2,Q9NVA4,0.809
Q6P2P2,v_0,0.8849799999999999
Q6P2P2,v_1,0.84
Q6P2P2,v_4,0.753
Q6P474,v_1,0.75758
Q6P4D5,v_1,0.84
Q6P4H8,v_1,0.895
Q6P589,v_1,0.85204
Q6P5S7,v_1,0.748
Q6P7N7,v_1,0.764
Q6P9G0,Q7L1T6,0.7842100000000001
Q6P9G0,v_1,0.7889550000000001
Q6PB30,Q8IV76,0.7
Q6PB30,v_1,0.7555000000000001
Q6PEW0,v_8,0.788
Q6PGP7,v_1,0.959
Q6PII3,v_1,0.84
Q6PII3,v_4,0.84
Q6PII5,v_2,0.748
Q6PL24,v_1,0.84
Q6PL45,Q8N205,0.84
Q6Q8B3,Q99801,0.8176
Q6Q8B3,v_1,0.97487
Q6SJ93,v_1,0.8683200000000001
Q6TGC4,v_0,0.753
Q6TGC4,v_1,0.91195
Q6TGC4,v_2,0.707
Q6UWH6,v_1,0.715
Q6UWH6,v_10,0.9264
Q6UWS5,v_1,0.724
Q6UWT4,v_1,0.95072
Q6UWW9,Q9NVA4,0.75
Q6UWY5,v_2,0.7444999999999999
Q6UX07,v_1,0.74693
Q6UX39,v_0,0.801
Q6UX39,v_1,0.9
Q6UX39,v_2,0.957
Q6UX40,v_1,0.87008
Q6UX40,v_2,0.8851
Q6UX46,v_1,0.7813
Q6UX65,v_1,0.769
Q6UX73,v_1,0.84
Q6UXA7,v_0,0.702
Q6UXA7,v_1,0.7224
Q6UXD5,v_1,0.792
Q6UXD5,v_2,0.77765
Q6UXP3,v_1,0.76902
Q6UXT8,v_1,0.7868999999999999
Q6UXT9,v_0,0.87008
Q6UXT9,v_1,0.8728
Q6UXV0,v_1,0.929
Q6UXY8,v_1,0.84
Q6VVB1,v_0,0.8304299999999999
Q6VVB1,v_1,0.833295
Q6ZMT9,v_1,0.70889
Q6ZN01,v_1,0.71943
Q6ZN19,v_2,0.7144699999999999
Q6ZNK6,v_1,0.88229
Q6ZNW5,v_0,0.7525999999999999
Q6ZNW5,v_1,0.7545
Q6ZP01,Q8TC94,0.83
Q6ZP01,Q9BS86,0.717
Q6ZP01,v_1,0.750605
Q6ZP01,v_2,0.782
Q6ZP01,v_27,0.77563
Q6ZP82,v_1,0.95056
Q6ZPD9,v_1,0.87424
Q6ZQY2,v_1,0.74
Q6ZR37,Q6ZSZ5,0.7266199999999999
Q6ZR37,v_1,0.7978
Q6ZR37,v_2,0.7801199999999999
Q6ZR37,v_4,0.71701
Q6ZRK6,v_1,0.704
Q6ZRS4,v_1,0.761
Q6ZS17,v_1,0.80792
Q6ZSJ8,v_1,0.92784
Q6ZSZ5,v_0,0.922
Q6ZSZ5,v_1,0.921
Q6ZSZ5,v_2,0.8795
Q6ZSZ5,v_4,0.79953
Q6ZT62,v_4,0.91451
Q6ZTR5,v_1,0.759
Q6ZTU2,v_0,0.708
Q6ZTU2,v_1,0.8859999999999999
Q6ZTZ1,v_1,0.707
Q6ZUS5,v_0,0.8764799999999999
Q6ZUS5,v_1,0.84
Q6ZUS5,v_2,0.8992
Q6ZUS6,v_1,0.84
Q6ZVF9,v_1,0.725
Q6ZVK1,v_1,0.757
Q6ZW33,v_1,0.7625
Q70IA8,Q96BX8,0.8373299999999999
Q70IA8,v_0,0.84
Q70IA8,v_1,0.84
Q70IA8,v_2,0.9176
Q70IA8,v_4,0.7508699999999999
Q71H61,v_2,0.739
Q75N03,v_1,0.8472999999999999
Q75N03,v_2,0.904
Q75V66,v_1,0.805
Q75V66,v_4,0.808
Q7L0X0,v_1,0.724105
Q7L1S5,v_1,0.92156
Q7L1T6,v_1,0.8044899999999999
Q7L1T6,v_2,0.719
Q7RTU1,v_1,0.94469
Q7RTU4,v_1,0.732
Q7RTV2,v_1,0.7853300000000001
Q7RTV2,v_2,0.8052
Q7RTV3,Q9Y2D2,0.711
Q7RTV3,v_1,0.755
Q7RTX9,v_2,0.8830399999999999
Q7RTY0,v_1,0.8755200000000001
Q7Z2Y5,v_1,0.73004
Q7Z406,v_1,0.86648
Q7Z406,v_2,0.8076
Q7Z406,v_4,0.864795
Q7Z465,v_1,0.84
Q7Z4L5,v_0,0.968
Q7Z4L5,v_1,0.961135
Q7Z4L5,v_2,0.943
Q7Z4W3,v_0,0.7016
Q7Z572,v_2,0.84
Q7Z5A8,v_0,0.84
Q7Z5A8,v_1,0.84
Q7Z5A8,v_2,0.84
Q7Z5H4,v_1,0.84
Q7Z5M5,v_1,0.768
Q7Z5V6,v_1,0.86992
Q7Z5W3,v_1,0.8271600000000001
Q7Z602,v_1,0.7961600000000001
Q7Z6I5,v_1,0.8692799999999999
Q7Z6K1,v_1,0.8558899999999999
Q7Z6M4,v_1,0.8731200000000001
Q7Z6R9,Q8NEY3,0.731
Q7Z6R9,v_0,0.918
Q7Z6R9,v_1,0.901
Q7Z6R9,v_2,0.9448650000000001
Q7Z6W1,v_0,0.787
Q7Z6W1,v_1,0.762
Q7Z7F0,v_1,0.866
Q7Z7F0,v_104,0.7508
Q7Z7G0,v_1,0.9175
Q7Z7K0,v_0,0.7912
Q7Z7K0,v_2,0.816
Q86SG3,v_1,0.894985
Q86SG3,v_27,0.97072
Q86SM8,v_1,0.71253
Q86SQ3,v_1,0.853145
Q86TL0,v_1,0.87868
Q86UB9,v_1,0.93952
Q86UQ8,v_1,0.8
Q86UY8,v_1,0.774
Q86VI1,v_1,0.823
Q86VI1,v_2,0.888
Q86WQ0,v_1,0.719
Q86X59,v_0,0.748
Q86XI8,v_1,0.764
Q86XN7,v_1,0.84
Q86Y29,v_6,0.98476
Q86Y91,v_0,0.937735
Q86Y91,v_1,0.903
Q86Y91,v_2,0.9
Q86Y91,v_4,0.977005
Q86YG4,v_1,0.71101
Q86YH2,v_1,0.77
Q86YL5,v_1,0.703
Q8IUK8,v_1,0.83925
Q8IUW3,v_1,0.85956
Q8IV76,v_0,0.72
Q8IV76,v_1,0.8714999999999999
Q8IVI9,v_0,0.8992
Q8IVI9,v_1,0.70156
Q8IW03,v_2,0.702
Q8IWB4,Q96LK8,0.833
Q8IWN7,v_1,0.8525
Q8IX05,v_1,0.705
Q8IX06,v_1,0.79325
Q8IXL9,v_1,0.812
Q8IXM7,v_1,0.87008
Q8IXQ3,v_1,0.8775200000000001
Q8IXQ8,v_1,0.72373
Q8IXT1,v_0,0.75
Q8IXT1,v_1,0.7862
Q8IY95,v_0,0.84
Q8IY95,v_1,0.84
Q8IYK2,v_1,0.709
Q8IYT1,v_1,0.8556
Q8IZC4,v_1,0.8595999999999999
Q8IZN3,v_2,0.717
Q8IZU8,v_1,0.901
Q8N0W5,v_1,0.766
Q8N104,v_2,0.79255
Q8N104,v_28,0.79074
Q8N111,v_0,0.92
Q8N1B3,v_1,0.8365600000000001
Q8N1N0,v_1,0.74817
Q8N205,v_0,0.86064
Q8N205,v_1,0.84
Q8N205,v_2,0.84
Q8N2C3,v_1,0.72128
Q8N2U9,v_1,0.8048
Q8N2U9,v_4,0.71
Q8N386,v_8,0.84
Q8N3H0,v_1,0.714
Q8N3S3,v_2,0.86736
Q8N412,v_1,0.8904
Q8N4L4,v_1,0.753
Q8N4S0,v_1,0.84
Q8N5I9,v_1,0.87184
Q8N5I9,v_119,0.8764799999999999
Q8N5I9,v_33,0.84
Q8N5U0,v_1,0.84
Q8N5W9,v_1,0.84
Q8N609,v_1,0.702
Q8N612,v_1,0.9618599999999999
Q8N635,v_1,0.73838
Q8N635,v_2,0.819
Q8N693,v_1,0.8831700000000001
Q8N699,v_1,0.773
Q8N6L7,v_1,0.747
Q8N6Q8,v_1,0.86768
Q8N6S5,v_1,0.87384
Q8N6T0,v_8,0.726
Q8N7J2,v_1,0.7455
Q8N7L0,v_1,0.746
Q8N7Z5,v_12,0.72654
Q8N8N0,v_0,0.7915699999999999
Q8N8N0,v_1,0.724
Q8N8N7,v_1,0.8457399999999999
Q8N8R5,v_1,0.84
Q8N8R7,v_1,0.8696
Q8N8U2,v_0,0.9075
Q8N8U2,v_1,0.74242
Q8N8Z6,v_1,0.8566750000000001
Q8N944,v_1,0.8605
Q8N945,v_1,0.75256
Q8N957,v_1,0.74394
Q8N998,v_1,0.85352
Q8N998,v_4,0.87008
Q8N9Z2,v_1,0.87376
Q8NA69,v_0,0.8697600000000001
Q8NA69,v_1,0.8807200000000001
Q8NAP8,v_1,0.7417400000000001
Q8NB25,v_1,0.88544
Q8NB59,v_1,0.7894399999999999
Q8NBB4,Q96N95,0.8530399999999999
Q8NBB4,v_1,0.83266
Q8NBB4,v_2,0.924905
Q8NBI3,v_1,0.786
Q8NBQ7,v_1,0.88576
Q8NBR0,v_1,0.876
Q8NC74,v_1,0.7735000000000001
Q8NCQ7,v_24,0.741
Q8NCR3,v_0,0.88512
Q8ND94,v_8,0.732
Q8NDB6,v_1,0.84
Q8NDY3,v_1,0.718
Q8NE00,v_1,0.84
Q8NE00,v_4,0.84
Q8NEA9,v_1,0.90475
Q8NEB9,Q8WYN0,0.712
Q8NEB9,Q96Q15,0.75247
Q8NEB9,Q9UBF8,0.9872
Q8NEB9,Q9Y4P1,0.828
Q8NEB9,v_0,0.889
Q8NEB9,v_1,0.912
Q8NEB9,v_2,0.757
Q8NEB9,v_31,0.798
Q8NEB9,v_33,0.81419
Q8NEB9,v_4,0.8146800000000001
Q8NEL0,v_1,0.77
Q8NEY3,v_1,0.7195
Q8NFA2,v_1,0.831
Q8NFU1,v_1,0.737
Q8NGH6,v_8,0.8892
Q8NGI1,v_8,0.775685
Q8NGJ3,v_1,0.71115
Q8NGJ3,v_8,0.76722
Q8NGN7,v_8,0.8229700000000001
Q8NGT9,v_8,0.82675
Q8NGU1,v_0,0.77585
Q8NH89,v_8,0.87346
Q8NHU2,v_1,0.715
Q8NHU2,v_185,0.73
Q8NHY3,v_1,0.80764
Q8NI28,v_1,0.74
Q8TAI1,v_1,0.84
Q8TAT2,v_1,0.8055
Q8TBB0,v_1,0.7024
Q8TBB0,v_123,0.84
Q8TBF5,v_0,0.964
Q8TBF5,v_1,0.887
Q8TBJ5,v_1,0.7835
Q8TBP0,v_1,0.84
Q8TBR7,v_1,0.989
Q8TBZ2,v_0,0.86864
Q8TBZ2,v_1,0.7645
Q8TC36,v_1,0.85269
Q8TC56,v_1,0.733
Q8TCU5,v_1,0.7805
Q8TCU5,v_17,0.758
Q8TCU5,v_2,0.764
Q8TDE3,v_1,0.77804
Q8TDE3,v_2,0.88325
Q8TDH9,v_1,0.767
Q8TDH9,v_2,0.9209
Q8TDT2,v_1,0.709
Q8TEQ0,v_1,0.7941549999999999
Q8TF63,v_1,0.84
Q8WTQ4,v_1,0.84
Q8WTV1,v_1,0.8344400000000001
Q8WU03,v_72,0.77131
Q8WU58,v_1,0.91024
Q8WU68,v_1,0.7662800000000001
Q8WUR7,v_147,0.7528
Q8WUY3,v_1,0.84
Q8WVE7,v_1,0.757
Q8WW52,v_1,0.754
Q8WWA1,v_1,0.87008
Q8WWL2,v_1,0.87216
Q8WWL2,v_8,0.781
Q8WWX8,v_1,0.90432
Q8WXC6,v_1,0.84
Q8WXH2,v_1,0.748
Q8WYJ6,v_0,0.99563
Q8WYJ6,v_1,0.99556
Q8WYJ6,v_4,0.8859899999999999
Q8WYN0,v_0,0.706
Q8WYN0,v_1,0.8792
Q8WYN0,v_2,0.87344
Q8WZ33,v_1,0.7932
Q8WZ33,v_8,0.7956
Q8WZA9,v_1,0.81184
Q92485,v_1,0.8796799999999999
Q92546,v_0,0.9195
Q92546,v_1,0.902
Q92546,v_2,0.72
Q92546,v_4,0.904
Q92670,v_1,0.78288
Q92670,v_2,0.78288
Q92874,v_1,0.90576
Q92874,v_2,0.87376
Q92928,v_1,0.8444499999999999
Q93052,v_1,0.7884
Q93052,v_2,0.84
Q93052,v_4,0.8788799999999999
Q95460,v_1,0.84
Q95460,v_2,0.8712
Q969H9,v_1,0.792
Q969K7,v_1,0.84
Q969S6,v_1,0.85929
Q969W3,v_1,0.84
Q96A19,v_0,0.8675999999999999
Q96A19,v_1,0.84
Q96A19,v_2,0.88272
Q96A25,Q9BVX2,0.79611
Q96AP4,v_1,0.716
Q96AQ1,Q96LY2,0.98181
Q96B70,v_1,0.896
Q96BN6,v_2,0.98248
Q96BR1,v_0,0.70685
Q96BR1,v_1,0.78095
Q96BR1,v_4,0.97926
Q96BR1,v_9,0.71018
Q96BU1,v_1,0.95072
Q96BX8,v_1,0.8382000000000001
Q96BX8,v_4,0.7409600000000001
Q96BZ9,v_1,0.75546
Q96BZ9,v_24,0.72597
Q96C03,v_0,0.852
Q96C03,v_1,0.86736
Q96C03,v_4,0.742
Q96C12,v_1,0.705
Q96C57,v_1,0.8693599999999999
Q96CP7,v_1,0.82004
Q96CP7,v_2,0.84
Q96CU9,v_1,0.8676799999999999
Q96CU9,v_2,0.83
Q96D98,v_1,0.85692
Q96D98,v_4,0.91728
Q96DB5,v_1,0.7476
Q96DM1,v_1,0.705
Q96DT6,v_0,0.744
Q96DT6,v_1,0.963
Q96EE4,v_1,0.9264
Q96EK7,Q9Y618,0.901
Q96EK7,v_0,0.9
Q96EK7,v_1,0.9
Q96EK7,v_2,0.9
Q96EN9,v_1,0.8992
Q96EZ4,v_1,0.9128
Q96GE9,v_1,0.95072
Q96GQ7,v_0,0.9752
Q96GQ7,v_1,0.886675
Q96GQ7,v_2,0.8995
Q96GQ7,v_4,0.947875
Q96GQ7,v_55,0.78
Q96GX2,v_1,0.86296
Q96GX8,v_1,0.722
Q96H72,v_1,0.80698
Q96IM9,v_1,0.87277
Q96K83,v_1,0.903
Q96L03,v_2,0.718
Q96LM5,v_1,0.716
Q96LP2,v_1,0.80318
Q96LS8,v_1,0.8876
Q96LT6,Q9BZE7,0.7484
Q96LU7,v_1,0.8144100000000001
Q96LY2,v_1,0.9062399999999999
Q96M91,Q96MR6,0.729
Q96M91,v_1,0.80298
Q96M91,v_4,0.8664
Q96MT1,v_1,0.7315
Q96MY7,v_1,0.80874
Q96N16,v_1,0.9594
Q96N19,v_1,0.8715200000000001
Q96N76,v_2,0.987
Q96N95,v_1,0.9633700000000001
Q96N95,v_4,0.96419
Q96N96,v_1,0.814315
Q96N96,v_2,0.922
Q96ND0,v_2,0.84
Q96NJ3,v_0,0.7108300000000001
Q96NK8,v_1,0.7571399999999999
Q96NR3,v_1,0.77
Q96NU0,v_1,0.93371
Q96PC5,v_0,0.84
Q96PC5,v_1,0.85432
Q96PC5,v_2,0.9277
Q96PC5,v_4,0.84
Q96PM9,v_1,0.756
Q96Q15,Q9Y4A5,0.8476100000000001
Q96Q15,v_0,0.903
Q96Q15,v_1,0.968
Q96Q15,v_2,0.95
Q96Q15,v_8,0.99984
Q96QP1,v_1,0.8156
Q96S95,v_0,0.882
Q96SE0,v_1,0.71
Q96SU4,v_1,0.7995800000000001
Q96SU4,v_2,0.8670399999999999
Q99674,v_1,0.931
Q99801,v_0,0.79322
Q99801,v_1,0.8051
Q99985,v_1,0.81011
Q99985,v_2,0.94088
Q9BQS2,v_1,0.7623300000000001
Q9BRP7,Q9NPC7,0.7484
Q9BRP7,v_1,0.905
Q9BRX5,v_1,0.84
Q9BS92,v_52,0.8962100000000001
Q9BTA0,v_1,0.8
Q9BTY7,v_1,0.8165
Q9BTY7,v_2,0.8008
Q9BTY7,v_4,0.82
Q9BVW6,v_1,0.84
Q9BVX2,Q9H0C3,0.706
Q9BVX2,v_44,0.8201299999999999
Q9BXJ2,v_102,0.75964
Q9BY12,v_1,0.8724799999999999
Q9BY60,v_1,0.94377
Q9BYJ0,v_1,0.932
Q9BZ81,v_1,0.74485
Q9BZE7,v_1,0.8884799999999999
Q9C010,v_1,0.7759
Q9C0C6,v_4,0.84
Q9C0I3,v_1,0.8955200000000001
Q9C0I3,v_2,0.97056
Q9GZM3,v_1,0.73
Q9GZM3,v_4,0.99852
Q9GZP4,v_1,0.8366
Q9GZU3,v_1,0.84
Q9H0C1,v_1,0.771
Q9H0P0,v_0,0.769
Q9H0P0,v_1,0.8924000000000001
Q9H0P0,v_24,0.84
Q9H0W7,v_1,0.96688
Q9H0W9,v_1,0.802
Q9H169,v_1,0.84
Q9H169,v_2,0.7758449999999999
Q9H1X1,v_1,0.84
Q9H1X1,v_4,0.84
Q9H2C2,v_1,0.84
Q9H2C2,v_2,0.84
Q9H2H0,v_1,0.8076
Q9H2H8,v_1,0.73707
Q9H4B0,v_1,0.90204
Q9H4Q4,Q9NQV5,0.77451
Q9H5U6,v_1,0.726
Q9H6K5,v_1,0.86992
Q9H7D7,v_1,0.86416
Q9H7D7,v_2,0.8712
Q9H869,v_1,0.906
Q9H8G2,v_8,0.84
Q9H972,v_1,0.87584
Q9HB19,v_0,0.7157
Q9HB19,v_1,0.8978700000000001
Q9HBA9,v_1,0.75592
Q9HC38,v_1,0.8236
Q9HD34,v_1,0.8405
Q9HD34,v_2,0.74384
Q9HDC9,v_1,0.86864
Q9NPB9,v_1,0.83
Q9NPJ3,v_1,0.75
Q9NPJ3,v_2,0.741
Q9NPJ3,v_4,0.7644
Q9NQ79,v_1,0.84
Q9NQE9,v_1,0.747
Q9NQU5,v_1,0.824
Q9NQV5,v_1,0.75015
Q9NR77,v_1,0.84
Q9NRD8,v_1,0.923845
Q9NRN9,v_1,0.7772699999999999
Q9NRP2,v_1,0.906
Q9NRR1,v_2,0.736
Q9NSI2,v_1,0.84
Q9NSK7,v_1,0.76
Q9NSK7,v_8,0.86672
Q9NT22,v_1,0.78804
Q9NUH8,v_1,0.87816
Q9NUH8,v_2,0.8992
Q9NUN5,v_1,0.757
Q9NUN5,v_2,0.756
Q9NV92,v_1,0.88
Q9NX05,v_1,0.7255
Q9NXE4,v_1,0.959
Q9NXE4,v_2,0.84
Q9NXZ1,v_0,0.764
Q9NXZ1,v_1,0.817
Q9NYK6,Q9UIL1,0.8875200000000001
Q9NZD1,v_1,0.8136
Q9NZP6,v_1,0.757
Q9NZQ7,v_1,0.84
Q9NZQ7,v_2,0.75731
Q9NZS2,v_1,0.800535
Q9P055,v_1,0.808
Q9P0S2,v_0,0.878
Q9P0S2,v_1,0.8664
Q9P0T7,v_128,0.7544
Q9P1P4,v_1,0.73448
Q9P1Y6,v_1,0.78288
Q9P1Z9,v_1,0.748
Q9P273,v_1,0.87485
Q9P273,v_10,0.84
Q9P2K5,v_1,0.84743
Q9UBF8,v_0,0.859
Q9UBF8,v_1,0.804
Q9UBM8,Q9UJH8,0.84
Q9UBM8,v_0,0.87072
Q9UBM8,v_1,0.84
Q9UBM8,v_2,0.86864
Q9UFD9,v_1,0.84
Q9UGK3,v_1,0.84
Q9UHQ4,v_1,0.84
Q9UIK5,v_1,0.711
Q9UIL1,Q9UKL3,0.8750399999999999
Q9UIL1,v_1,0.8875200000000001
Q9UIL1,v_2,0.84
Q9UK12,v_1,0.76275
Q9UKS7,v_1,0.81822
Q9UKT6,v_1,0.8117
Q9ULT0,v_1,0.854
Q9UNN4,v_1,0.708
Q9UNN4,v_2,0.779
Q9UPN6,v_2,0.71836
Q9Y2R9,v_1,0.9884999999999999
Q9Y2R9,v_2,0.8697600000000001
Q9Y3A0,v_1,0.8872
Q9Y3E7,v_1,0.84
Q9Y4A5,v_1,0.95204
Q9Y4A5,v_2,0.9657800000000001
Q9Y4P1,v_1,0.843
Q9Y5A7,v_1,0.91
Q9Y5U8,v_1,0.84
Q9Y618,v_1,0.992
v_0,O95045,0.932
v_0,P05160,0.76
v_0,P0CB47,0.749
v_0,P0CG08,1.0
v_0,P16410,0.70609
v_0,P17927,0.9904999999999999
v_0,P22897,0.8205
v_0,P34130,0.704
v_0,P51864,0.97919
v_0,P63092,0.748
v_0,Q00341,0.8649600000000001
v_0,Q03591,0.8264
v_0,Q0VF49,0.9259999999999999
v_0,Q15723,0.84
v_0,Q16798,0.957
v_0,Q1X8D7,0.87024
v_0,Q2M3D2,0.952
v_0,Q2M3G4,0.76
v_0,Q2M3R5,0.759
v_0,Q2TAK8,0.96912
v_0,Q2TAM9,0.74
v_0,Q2TV78,0.97426
v_0,Q3LHN2,0.7252
v_0,Q49MG5,0.89936
v_0,Q58FF3,0.86767
v_0,Q59GN2,0.9768
v_0,Q5BLP8,0.8064
v_0,Q5JNZ5,0.88895
v_0,Q5JU67,0.84
v_0,Q5KSL6,0.8367899999999999
v_0,Q5MJ09,0.92208
v_0,Q5T5S1,0.792
v_0,Q5T6V5,0.8208
v_0,Q5T754,0.7016
v_0,Q5VT79,0.7028
v_0,Q5VTE0,0.74
v_0,Q5VV52,0.84
v_0,Q5XKK7,0.92112
v_0,Q6JBY9,0.9776
v_0,Q6P1X6,0.84
v_0,Q6PB30,0.882
v_0,Q6PGP7,0.84
v_0,Q6PII3,0.97896
v_0,Q6PIS1,0.87584
v_0,Q6QAJ8,0.91832
v_0,Q6UXD5,0.84
v_0,Q6ZQR2,0.84
v_0,Q6ZR37,0.70872
v_0,Q6ZRK6,0.8
v_0,Q6ZV70,0.745
v_0,Q71H61,0.76
v_0,Q7L0X0,0.73
v_0,Q7L1T6,0.8153600000000001
v_0,Q7RTU1,0.7995899999999999
v_0,Q7RTV2,0.78533
v_0,Q7RTX9,0.8764799999999999
v_0,Q7Z3B0,0.733
v_0,Q7Z406,0.84
v_0,Q7Z465,0.876625
v_0,Q7Z5A7,0.748
v_0,Q7Z5H5,0.8151
v_0,Q7Z602,0.84
v_0,Q7Z6M4,0.8611200000000001
v_0,Q7Z7F0,0.84
v_0,Q86SH4,0.805
v_0,Q86UY5,0.84
v_0,Q86UY8,0.84
v_0,Q86WQ0,0.7968
v_0,Q8IUW3,0.748
v_0,Q8IWB4,0.84
v_0,Q8N1B3,0.839985
v_0,Q8N4S0,0.8704
v_0,Q8N5Q1,0.84
v_0,Q8N5W9,0.84
v_0,Q8N635,0.709
v_0,Q8N693,0.74262
v_0,Q8N699,0.74
v_0,Q8N6S5,0.8736
v_0,Q8N944,0.91441
v_0,Q8N9W8,0.84
v_0,Q8NAP8,0.7574
v_0,Q8NB25,0.84
v_0,Q8NEV1,0.70409
v_0,Q8NFA2,0.92314
v_0,Q8NFZ6,0.8151
v_0,Q8NGJ3,0.749285
v_0,Q8NH06,0.70828
v_0,Q8NH89,0.70689
v_0,Q8NHC6,0.71719
v_0,Q8NHW5,0.99237
v_0,Q8TAI1,0.84
v_0,Q8TAL5,0.90928
v_0,Q8TAT2,0.904
v_0,Q8TB05,0.8
v_0,Q8TBR7,0.9764
v_0,Q8TD47,0.99729
v_0,Q8TDC0,0.7815
v_0,Q8TDE3,0.90552
v_0,Q8TDH9,0.9912
v_0,Q8WXC6,0.84
v_0,Q8WZA9,0.84
v_0,Q92485,0.7312
v_0,Q92496,0.7474000000000001
v_0,Q92928,0.72776
v_0,Q93052,0.84
v_0,Q96BN6,0.937
v_0,Q96CU9,0.85
v_0,Q96D98,0.8809600000000001
v_0,Q96DB5,0.754
v_0,Q96EN9,0.8992
v_0,Q96FG2,0.87408
v_0,Q96GX8,0.98632
v_0,Q96H72,0.84
v_0,Q96IM9,0.98232
v_0,Q96K83,0.903
v_0,Q96KW9,0.84
v_0,Q96LU7,0.737
v_0,Q96LY2,0.97136
v_0,Q96MY7,0.705
v_0,Q96N06,0.95072
v_0,Q96NU0,0.84
v_0,Q96PM9,0.9
v_0,Q96Q35,0.84
v_0,Q96QH8,0.725
v_0,Q96S19,0.7568
v_0,Q96SU4,0.84
v_0,Q99985,0.799
v_0,Q9BQ13,0.84
v_0,Q9BSA9,0.748
v_0,Q9BTX7,0.84
v_0,Q9BUX1,0.8300000000000001
v_0,Q9BX79,0.974
v_0,Q9BXH1,0.84
v_0,Q9BYJ0,0.911
v_0,Q9BZ81,0.7329100000000001
v_0,Q9GZM3,0.792
v_0,Q9GZP4,0.84
v_0,Q9H0W7,0.8803200000000001
v_0,Q9H0W9,0.7452
v_0,Q9H169,0.84
v_0,Q9H1X1,0.84
v_0,Q9H2H8,0.71273
v_0,Q9H5U6,0.741
v_0,Q9H6K5,0.748
v_0,Q9H7D7,0.8689600000000001
v_0,Q9H825,0.7004
v_0,Q9H869,0.8755200000000001
v_0,Q9H8G2,0.84
v_0,Q9H972,0.744
v_0,Q9HBA9,0.8241299999999999
v_0,Q9HCJ1,0.84
v_0,Q9HD34,0.8708799999999999
v_0,Q9HDC9,0.7584
v_0,Q9NPB9,0.9246
v_0,Q9NPJ3,0.7776
v_0,Q9NQ33,0.92175
v_0,Q9NQ79,0.84
v_0,Q9NQV5,0.74
v_0,Q9NRD8,0.79514
v_0,Q9NRP2,0.903
v_0,Q9NSD4,0.70133
v_0,Q9NSI2,0.84
v_0,Q9NT22,0.84
v_0,Q9NUH8,0.8992
v_0,Q9NUN5,0.837
v_0,Q9NV92,0.84
v_0,Q9NX05,0.84
v_0,Q9NXE4,0.8823
v_0,Q9NYR8,0.942
v_0,Q9NZG7,0.8768
v_0,Q9NZQ7,0.94704
v_0,Q9NZR4,0.76466
v_0,Q9NZS2,0.7449650000000001
v_0,Q9P021,0.92
v_0,Q9P055,0.748
v_0,Q9P0T7,0.7582
v_0,Q9P1Y6,0.7169749999999999
v_0,Q9P1Z9,0.748
v_0,Q9P2K5,0.8782399999999999
v_0,Q9P2P6,0.70363
v_0,Q9UD57,0.70605
v_0,Q9UFD9,0.84
v_0,Q9UGK3,0.84
v_0,Q9UHQ4,0.8185
v_0,Q9UIL1,0.86992
v_0,Q9UKL3,0.7372
v_0,Q9UKS7,0.7312
v_0,Q9UMZ3,0.948645
v_0,Q9UNN4,0.7645
v_0,Q9UPN6,0.8051999999999999
v_0,Q9Y222,0.755
v_0,Q9Y234,0.991
v_0,Q9Y2K9,0.777675
v_0,Q9Y2R9,0.932
v_0,Q9Y3A0,0.9930399999999999
v_0,Q9Y4A5,0.9095
v_0,Q9Y4C2,0.884
v_0,Q9Y4I5,0.756
v_0,Q9Y4P1,0.9305599999999999
v_0,Q9Y4X4,0.82814
v_0,Q9Y5A7,0.8296
v_0,Q9Y5U8,0.99941
v_0,Q9Y5V0,0.926
v_0,Q9Y618,0.902
v_0,Q9Y675,0.713
v_0,Q9Y6R7,0.84
v_0,v_1,0.9
v_0,v_10,0.9
v_0,v_102,0.84
v_0,v_104,0.901
v_0,v_108,0.9
v_0,v_111,0.84
v_0,v_112,0.996255
v_0,v_113,0.7452
v_0,v_114,0.729
v_0,v_119,0.89662
v_0,v_12,0.885
v_0,v_123,0.8936
v_0,v_124,0.9256
v_0,v_126,0.902
v_0,v_127,0.87144
v_0,v_128,0.941
v_0,v_129,0.8634999999999999
v_0,v_131,0.84
v_0,v_138,0.718715
v_0,v_14,0.8205399999999999
v_0,v_140,0.7944
v_0,v_141,0.838095
v_0,v_145,0.81
v_0,v_149,0.839
v_0,v_15,0.8474200000000001
v_0,v_151,0.901
v_0,v_153,0.84
v_0,v_154,0.7604
v_0,v_158,0.93376
v_0,v_16,0.9
v_0,v_160,0.87584
v_0,v_163,0.84
v_0,v_165,0.84
v_0,v_166,0.81134
v_0,v_167,0.84
v_0,v_17,0.925
v_0,v_174,0.84
v_0,v_188,0.932
v_0,v_2,0.9
v_0,v_20,0.8668799999999999
v_0,v_22,0.98022
v_0,v_24,0.84
v_0,v_25,0.809
v_0,v_26,0.8992
v_0,v_28,0.75135
v_0,v_3,0.8524
v_0,v_30,0.84
v_0,v_31,0.95119
v_0,v_33,0.84
v_0,v_35,0.9626399999999999
v_0,v_36,0.81191
v_0,v_4,0.8870399999999999
v_0,v_40,0.76334
v_0,v_42,0.84
v_0,v_47,0.95996
v_0,v_48,0.909
v_0,v_49,0.80976
v_0,v_5,0.924
v_0,v_50,0.84
v_0,v_51,0.7155199999999999
v_0,v_52,0.8548800000000001
v_0,v_55,0.7545
v_0,v_57,0.86864
v_0,v_59,0.942185
v_0,v_6,0.892
v_0,v_60,0.75111
v_0,v_62,0.912
v_0,v_64,0.902
v_0,v_65,0.896
v_0,v_67,0.84
v_0,v_68,0.96694
v_0,v_69,0.71605
v_0,v_7,0.76853
v_0,v_70,0.94371
v_0,v_74,0.81067
v_0,v_75,0.84
v_0,v_77,0.9359
v_0,v_79,0.771
v_0,v_8,0.9
v_0,v_83,0.86864
v_0,v_86,0.86342
v_0,v_9,0.73624
v_0,v_96,0.757125
v_1,P04211,0.7206
v_1,P0C7P4,0.74
v_1,P0C7U0,0.70663
v_1,P12525,0.8273299999999999
v_1,P51826,0.8689600000000001
v_1,P55808,0.8196100000000001
v_1,P69891,0.8991100000000001
v_1,P84996,0.748
v_1,Q04118,0.7155
v_1,Q13491,0.84
v_1,Q13609,0.81393
v_1,Q13948,0.74
v_1,Q15195,0.96171
v_1,Q2TAM9,0.92208
v_1,Q2TV78,0.9112199999999999
v_1,Q3ZCQ2,0.7484999999999999
v_1,Q538Z0,0.714
v_1,Q569H4,0.752
v_1,Q569K4,0.85178
v_1,Q58A44,0.84
v_1,Q58FG0,0.74
v_1,Q5BKX8,0.743
v_1,Q5GH77,0.804
v_1,Q5HYC2,0.88
v_1,Q5JNZ5,0.74
v_1,Q5JUK3,0.721
v_1,Q5JXB2,0.92391
v_1,Q5NE16,0.71425
v_1,Q5RHP9,0.826
v_1,Q5RIA9,0.9975849999999999
v_1,Q5SZB4,0.84
v_1,Q5SZD4,0.84
v_1,Q5T197,0.89208
v_1,Q5T848,0.764
v_1,Q5TEA3,0.94996
v_1,Q5U649,0.7176
v_1,Q5VV52,0.8695999999999999
v_1,Q5VZ46,0.752
v_1,Q6A1A2,0.95496
v_1,Q6IED9,0.74
v_1,Q6IPT2,0.716
v_1,Q6J272,0.74
v_1,Q6NT16,0.88431
v_1,Q6NVV1,0.74
v_1,Q6NVV7,0.748
v_1,Q6NY19,0.7269899999999999
v_1,Q6P1K1,0.7752
v_1,Q6PII5,0.80645
v_1,Q6PIY5,0.9496
v_1,Q6PJE2,0.8342849999999999
v_1,Q6PRD7,0.831
v_1,Q6Q6R5,0.75238
v_1,Q6QAJ8,0.84
v_1,Q6S9Z5,0.73121
v_1,Q6UW49,0.741
v_1,Q6UWW9,0.7261
v_1,Q6WQI6,0.8200000000000001
v_1,Q6ZMY3,0.84
v_1,Q6ZS27,0.84
v_1,Q6ZTI6,0.95456
v_1,Q6ZUI0,0.714
v_1,Q6ZUV0,0.81813
v_1,Q6ZUX7,0.7068
v_1,Q6ZV70,0.767
v_1,Q6ZVT6,0.7448
v_1,Q75VX8,0.7764
v_1,Q7Z3B0,0.817
v_1,Q7Z745,0.7544
v_1,Q86SH4,0.906
v_1,Q86SM5,0.754
v_1,Q86TE4,0.904
v_1,Q86UF4,0.721
v_1,Q86UP9,0.728185
v_1,Q86UY5,0.84
v_1,Q86VE0,0.8144
v_1,Q86VE9,0.8425
v_1,Q86WA6,0.7465999999999999
v_1,Q86X59,0.748
v_1,Q8IUB3,0.701
v_1,Q8IV32,0.92368
v_1,Q8IV56,0.8
v_1,Q8IVJ8,0.755
v_1,Q8IXR5,0.772
v_1,Q8IXS0,0.8692799999999999
v_1,Q8IXT2,0.84
v_1,Q8IY22,0.84
v_1,Q8IYM0,0.7532
v_1,Q8N111,0.7849999999999999
v_1,Q8N1L4,0.7302
v_1,Q8N1Q8,0.84
v_1,Q8N2A0,0.74
v_1,Q8N328,0.84
v_1,Q8N386,0.7004
v_1,Q8N5C1,0.8803200000000001
v_1,Q8N769,0.7885
v_1,Q8N7X1,0.7356400000000001
v_1,Q8N816,0.7388
v_1,Q8N819,0.795925
v_1,Q8N9A8,0.84
v_1,Q8N9P6,0.84
v_1,Q8N9W8,0.8787200000000001
v_1,Q8N9Y4,0.707
v_1,Q8NA70,0.8715200000000001
v_1,Q8NAX2,0.7368
v_1,Q8NBD8,0.82
v_1,Q8NCQ7,0.7725
v_1,Q8NCR3,0.85832
v_1,Q8ND23,0.763715
v_1,Q8ND94,0.91072
v_1,Q8NE09,0.9
v_1,Q8NEG4,0.8015
v_1,Q8NEQ6,0.90656
v_1,Q8NEV1,0.805
v_1,Q8NGT9,0.705
v_1,Q8NHE4,0.78522
v_1,Q8NHP1,0.936485
v_1,Q8NHW5,0.74
v_1,Q8TAV0,0.74
v_1,Q8TB05,0.7558
v_1,Q8TB68,0.709
v_1,Q8TD47,0.9198500000000001
v_1,Q8TDC0,0.9057999999999999
v_1,Q8TED9,0.87432
v_1,Q8TF44,0.74762
v_1,Q8WU03,0.72706
v_1,Q8WU43,0.8208
v_1,Q8WUR7,0.75
v_1,Q8WVF2,0.9045000000000001
v_1,Q8WW14,0.88512
v_1,Q8WWF6,0.84
v_1,Q8WWW8,0.8551
v_1,Q92496,0.845135
v_1,Q93015,0.89744
v_1,Q969X2,0.84
v_1,Q96A04,0.8992
v_1,Q96A25,0.84
v_1,Q96AQ1,0.8842399999999999
v_1,Q96FG2,0.92304
v_1,Q96GL9,0.86864
v_1,Q96H78,0.8964799999999999
v_1,Q96HH6,0.8236
v_1,Q96IU2,0.7416
v_1,Q96IZ2,0.8695999999999999
v_1,Q96KF7,0.87344
v_1,Q96L11,0.96376
v_1,Q96LL3,0.71
v_1,Q96LR7,0.84
v_1,Q96M60,0.737
v_1,Q96MF4,0.7282
v_1,Q96MK2,0.7484
v_1,Q96N06,0.8132
v_1,Q96N76,0.7484
v_1,Q96NJ3,0.70448
v_1,Q96Q06,0.7858449999999999
v_1,Q96Q35,0.84
v_1,Q96S95,0.8305
v_1,Q96SQ7,0.833235
v_1,Q9BPW4,0.711
v_1,Q9BQ13,0.86076
v_1,Q9BQ49,0.748
v_1,Q9BQI0,0.78735
v_1,Q9BQN1,0.79
v_1,Q9BR11,0.76
v_1,Q9BS86,0.798465
v_1,Q9BVX2,0.8140000000000001
v_1,Q9BX79,0.83
v_1,Q9BXH1,0.88
v_1,Q9BYT1,0.73034
v_1,Q9BZD7,0.88384
v_1,Q9C0C6,0.82308
v_1,Q9C0D6,0.714
v_1,Q9C0F0,0.72707
v_1,Q9GZN8,0.92
v_1,Q9GZP8,0.7581
v_1,Q9H0C3,0.712
v_1,Q9H175,0.94688
v_1,Q9H1Z8,0.7628
v_1,Q9H227,0.84
v_1,Q9H400,0.87392
v_1,Q9H4G8,0.89717
v_1,Q9H4M7,0.84
v_1,Q9H4Q4,0.70668
v_1,Q9H693,0.725
v_1,Q9H6V9,0.723
v_1,Q9H7X0,0.8835200000000001
v_1,Q9H7Y0,0.725
v_1,Q9H825,0.7565
v_1,Q9H8G2,0.84
v_1,Q9H9H5,0.708
v_1,Q9H9K5,0.926
v_1,Q9HA90,0.7969999999999999
v_1,Q9HAI6,0.94576
v_1,Q9HB31,0.781505
v_1,Q9HD45,0.86944
v_1,Q9NPC7,0.7323
v_1,Q9NQ32,0.8695999999999999
v_1,Q9NQ33,0.90181
v_1,Q9NQ39,0.74
v_1,Q9NSD4,0.73377
v_1,Q9NUB4,0.84
v_1,Q9NWD9,0.786
v_1,Q9NWQ9,0.7725
v_1,Q9NXL6,0.7264999999999999
v_1,Q9NYK6,0.721
v_1,Q9NYR8,0.85704
v_1,Q9NYT0,0.76
v_1,Q9NZG7,0.8712
v_1,Q9NZR4,0.80952
v_1,Q9P021,0.84
v_1,Q9P0T7,0.84
v_1,Q9P1V8,0.731
v_1,Q9P2D6,0.84
v_1,Q9P2P6,0.831995
v_1,Q9P2T0,0.92
v_1,Q9UBD0,0.84
v_1,Q9UD57,0.70657
v_1,Q9UHF3,0.87555
v_1,Q9UHF5,0.951
v_1,Q9UJC5,0.7784800000000001
v_1,Q9UJH8,0.8692799999999999
v_1,Q9UJQ1,0.78857
v_1,Q9UJQ7,0.80561
v_1,Q9UKB5,0.9158
v_1,Q9UKF7,0.7288
v_1,Q9UKL3,0.9
v_1,Q9ULL0,0.746
v_1,Q9ULL8,0.74408
v_1,Q9ULZ1,0.84
v_1,Q9UMZ3,0.7885599999999999
v_1,Q9UN76,0.719
v_1,Q9UN81,0.71864
v_1,Q9UPN6,0.816685
v_1,Q9XRX5,0.90246
v_1,Q9Y222,0.712
v_1,Q9Y234,0.915
v_1,Q9Y267,0.7859
v_1,Q9Y2C5,0.7331799999999999
v_1,Q9Y2D2,0.84
v_1,Q9Y2D5,0.831
v_1,Q9Y2E5,0.93056
v_1,Q9Y2K9,0.81325
v_1,Q9Y2V0,0.93488
v_1,Q9Y2Y9,0.8532
v_1,Q9Y3S2,0.9368
v_1,Q9Y4C2,0.8652799999999999
v_1,Q9Y4X4,0.92608
v_1,Q9Y546,0.7544
v_1,Q9Y5V0,0.8356
v_1,Q9Y5X4,0.7856
v_1,Q9Y653,0.748
v_1,Q9Y663,0.919
v_1,Q9Y675,0.7768
v_1,Q9Y6C7,0.836
v_1,Q9Y6R7,0.8653299999999999
v_1,Q9Y6X4,0.84
v_1,U3KPV4,0.82863
v_1,W5XKT8,0.84
v_1,v_10,0.8546
v_1,v_100,0.724
v_1,v_102,0.84
v_1,v_103,0.99451
v_1,v_104,0.902
v_1,v_105,0.79345
v_1,v_106,0.734
v_1,v_107,0.74
v_1,v_108,0.9
v_1,v_11,0.906
v_1,v_110,0.8909850000000001
v_1,v_111,0.91352
v_1,v_112,0.92912
v_1,v_113,0.80925
v_1,v_114,0.853
v_1,v_115,0.8281000000000001
v_1,v_116,0.84
v_1,v_117,0.742
v_1,v_118,0.8670399999999999
v_1,v_119,0.8646400000000001
v_1,v_12,0.8683200000000001
v_1,v_120,0.7024
v_1,v_121,0.9275
v_1,v_122,0.8951199999999999
v_1,v_123,0.84
v_1,v_124,0.8208
v_1,v_125,0.84
v_1,v_126,0.901
v_1,v_127,0.8724799999999999
v_1,v_128,0.846
v_1,v_129,0.81951
v_1,v_13,0.73832
v_1,v_130,0.9655499999999999
v_1,v_131,0.84
v_1,v_132,0.8
v_1,v_134,0.734
v_1,v_135,0.7585999999999999
v_1,v_136,0.84
v_1,v_138,0.7225950000000001
v_1,v_14,0.84
v_1,v_140,0.74565
v_1,v_142,0.9488
v_1,v_144,0.78799
v_1,v_145,0.84496
v_1,v_147,0.7961600000000001
v_1,v_148,0.7603
v_1,v_149,0.8132
v_1,v_15,0.8106899999999999
v_1,v_150,0.850805
v_1,v_151,0.8716799999999999
v_1,v_152,0.8675999999999999
v_1,v_153,0.84
v_1,v_154,0.8792
v_1,v_155,0.73239
v_1,v_156,0.7155
v_1,v_157,0.8185
v_1,v_158,0.8548800000000001
v_1,v_159,0.8755299999999999
v_1,v_16,0.9
v_1,v_160,0.90232
v_1,v_161,0.84
v_1,v_162,0.84
v_1,v_163,0.87792
v_1,v_164,0.87008
v_1,v_165,0.7765
v_1,v_166,0.8205
v_1,v_167,0.84
v_1,v_168,0.84
v_1,v_169,0.9216
v_1,v_17,0.7715000000000001
v_1,v_170,0.87256
v_1,v_171,0.85464
v_1,v_172,0.782
v_1,v_173,0.84
v_1,v_174,0.90752
v_1,v_175,0.717
v_1,v_177,0.8096
v_1,v_178,0.9192
v_1,v_179,0.8136
v_1,v_180,0.722
v_1,v_182,0.902
v_1,v_183,0.707
v_1,v_189,0.707
v_1,v_19,0.84
v_1,v_2,0.9
v_1,v_20,0.79834
v_1,v_21,0.7872
v_1,v_22,0.8144
v_1,v_23,0.896
v_1,v_24,0.84
v_1,v_25,0.772
v_1,v_26,0.9332
v_1,v_27,0.8750399999999999
v_1,v_28,0.72753
v_1,v_29,0.76686
v_1,v_3,0.84
v_1,v_30,0.84
v_1,v_31,0.916
v_1,v_32,0.867
v_1,v_33,0.84
v_1,v_35,0.7624
v_1,v_36,0.78416
v_1,v_37,0.7544
v_1,v_38,0.94702
v_1,v_4,0.891
v_1,v_40,0.84
v_1,v_42,0.84
v_1,v_43,0.78597
v_1,v_44,0.75
v_1,v_45,0.79456
v_1,v_46,0.8025
v_1,v_47,0.930225
v_1,v_48,0.86528
v_1,v_5,0.912
v_1,v_50,0.739
v_1,v_52,0.85336
v_1,v_53,0.84
v_1,v_54,0.7591899999999999
v_1,v_55,0.87728
v_1,v_56,0.98427
v_1,v_57,0.7892899999999999
v_1,v_58,0.8331999999999999
v_1,v_59,0.971735
v_1,v_6,0.72648
v_1,v_60,0.759125
v_1,v_61,0.96795
v_1,v_62,0.903
v_1,v_64,0.9
v_1,v_65,0.9015
v_1,v_66,0.901
v_1,v_67,0.8716799999999999
v_1,v_68,0.9263600000000001
v_1,v_69,0.9059999999999999
v_1,v_7,0.793
v_1,v_70,0.71401
v_1,v_71,0.93687
v_1,v_72,0.7357199999999999
v_1,v_74,0.8025599999999999
v_1,v_75,0.84
v_1,v_76,0.78
v_1,v_77,0.9604649999999999
v_1,v_78,0.79785
v_1,v_79,0.862
v_1,v_8,0.9
v_1,v_80,0.836
v_1,v_81,0.87072
v_1,v_83,0.84
v_1,v_84,0.76864
v_1,v_85,0.874
v_1,v_86,0.87136
v_1,v_87,0.90099
v_1,v_88,0.985965
v_1,v_9,0.73139
v_1,v_90,0.8134
v_1,v_91,0.91543
v_1,v_92,0.911
v_1,v_94,0.74
v_1,v_95,0.76
v_1,v_97,0.85711
v_1,v_98,0.748
v_10,P42336,0.9
v_10,Q15788,0.8848
v_10,Q7Z5A8,0.84
v_10,Q95460,0.70595
v_10,Q96N96,0.78288
v_10,Q99985,0.7660899999999999
v_10,Q9BTA0,0.766
v_10,Q9NZQ7,0.76854
v_10,v_118,0.8696
v_10,v_140,0.7615
v_10,v_15,0.7906
v_10,v_157,0.743
v_10,v_2,0.78409
v_10,v_31,0.901
v_10,v_4,0.799985
v_10,v_54,0.749465
v_10,v_79,0.741
v_10,v_8,0.79158
v_101,Q9BYU5,0.930515
v_102,P04150,0.722
v_102,Q03828,0.711
v_102,Q9Y4A5,0.987
v_102,v_2,0.9
v_102,v_4,0.9232199999999999
v_102,v_48,0.84
v_102,v_8,0.8016
v_104,v_2,0.87
v_104,v_4,0.94
v_108,E5RIL1,1.0
v_108,O15482,0.84
v_108,v_10,0.9
v_108,v_113,0.748
v_108,v_2,0.9
v_108,v_4,0.87
v_108,v_66,0.88608
v_109,v_4,0.901505
v_11,v_12,0.92952
v_112,v_8,0.9898100000000001
v_113,P22102,0.9059999999999999
v_113,v_2,0.8212
v_113,v_8,0.979
v_116,v_0,0.7588
v_116,v_2,0.85544
v_116,v_4,0.84
v_116,v_8,0.84
v_118,v_2,0.8832
v_119,P78527,0.88064
v_119,v_2,0.8676799999999999
v_119,v_4,0.8708800000000001
v_121,v_2,0.915205
v_121,v_28,0.91251
v_122,v_123,0.984545
v_123,v_2,0.8731200000000001
v_123,v_4,0.9867
v_126,v_2,0.902
v_126,v_4,0.9
v_126,v_8,0.9125000000000001
v_127,P36542,0.86992
v_127,v_2,0.8698400000000001
v_127,v_4,0.84
v_128,Q96B70,0.715
v_128,v_2,0.94784
v_128,v_4,0.84
v_129,v_4,0.896
v_133,Q8IWB4,0.98593
v_136,v_2,0.78822
v_137,Q01534,0.9716
v_139,v_1,0.866115
v_14,Q9Y3E7,0.776
v_14,v_2,0.84
v_142,v_0,0.725
v_143,v_1,0.87136
v_143,v_2,0.82148
v_146,v_1,0.7
v_148,v_8,0.83162
v_150,v_0,0.80019
v_151,v_2,0.77749
v_152,Q9H869,0.84
v_153,v_2,0.84
v_154,P55317,0.91566
v_154,P78527,0.7024
v_154,Q86T20,0.808
v_154,Q9Y618,0.7516
v_154,v_2,0.7508
v_156,v_0,0.74
v_16,v_2,0.80067
v_160,v_2,0.94048
v_161,v_4,0.702
v_162,v_8,0.796
v_164,v_2,0.90252
v_164,v_8,0.92372
v_165,Q8NHU2,0.8714999999999999
v_165,v_2,0.754
v_165,v_4,0.736
v_166,Q9Y4C2,0.8715200000000001
v_167,Q92546,0.9176
v_168,v_0,0.8188
v_169,Q86VE3,0.7324999999999999
v_169,v_0,0.9216
v_17,v_2,0.72
v_17,v_25,0.728
v_170,v_0,0.8848
v_173,v_0,0.8769600000000001
v_176,v_1,0.761
v_18,v_1,0.707165
v_181,Q6PEW0,0.808
v_181,v_1,0.84
v_181,v_8,0.7955
v_184,v_0,0.713
v_184,v_1,0.7056
v_186,v_1,0.7075
v_187,v_4,0.7896
v_19,v_0,0.84
v_19,v_2,0.84
v_190,v_1,0.794
v_2,Q2M3V2,0.7404
v_2,Q2NKX9,0.8764799999999999
v_2,Q5HYJ1,0.714
v_2,Q5TIE3,0.711
v_2,Q5VZ03,0.701
v_2,Q6DCA0,0.84
v_2,Q6NY19,0.71538
v_2,Q6UX07,0.781
v_2,Q6VVB1,0.84
v_2,Q7Z4J2,0.812
v_2,Q7Z6K1,0.8972
v_2,Q7Z7J9,0.73875
v_2,Q8IUC0,0.784115
v_2,Q8IUK8,0.8713599999999999
v_2,Q8IUW3,0.84
v_2,Q8IY22,0.851655
v_2,Q8IY85,0.737
v_2,Q8N2C3,0.7136899999999999
v_2,Q8N693,0.7913399999999999
v_2,Q8NC54,0.7044
v_2,Q8TBB0,0.7964249999999999
v_2,Q8TBF5,0.902
v_2,Q8TC94,0.783
v_2,Q8WXH2,0.7144
v_2,Q92928,0.7036600000000001
v_2,Q96BR1,0.81958
v_2,Q96C57,0.8676799999999999
v_2,Q96DT6,0.8708799999999999
v_2,Q96IM9,0.7484
v_2,Q96K83,0.74382
v_2,Q96N95,0.98207
v_2,Q96NU0,0.84
v_2,Q96SE0,0.84
v_2,Q99801,0.7012
v_2,Q9BRX5,0.84
v_2,Q9BVX2,0.84
v_2,Q9BYG8,0.8884
v_2,Q9GZM3,0.85
v_2,Q9H0P0,0.915
v_2,Q9H4B0,0.912
v_2,Q9H6V9,0.7675000000000001
v_2,Q9H7F4,0.98846
v_2,Q9H869,0.864
v_2,Q9HB19,0.826425
v_2,Q9HBI5,0.88976
v_2,Q9HDC9,0.7652
v_2,Q9NPB9,0.877325
v_2,Q9NQ60,0.738
v_2,Q9NQE9,0.9176
v_2,Q9NQU5,0.84
v_2,Q9NRP2,0.8286800000000001
v_2,Q9NSI2,0.8693599999999999
v_2,Q9P021,0.7492
v_2,Q9P0T7,0.84
v_2,Q9P1Z9,0.748
v_2,Q9P2K5,0.8683200000000001
v_2,Q9P2P6,0.8345100000000001
v_2,Q9UBD0,0.84
v_2,Q9UBF8,0.8947200000000001
v_2,Q9UFD9,0.85229
v_2,Q9UHF5,0.806
v_2,Q9UHQ4,0.93018
v_2,Q9UIJ5,0.975
v_2,Q9UJV8,0.74
v_2,Q9UKL3,0.909
v_2,Q9ULT0,0.75
v_2,Q9UMZ3,0.7712
v_2,Q9Y2E5,0.8670399999999999
v_2,Q9Y3E7,0.9335
v_2,Q9Y4C2,0.8687199999999999
v_2,Q9Y4P1,0.84
v_2,Q9Y5A7,0.8800399999999999
v_2,Q9Y618,0.9
v_2,Q9Y663,0.924
v_2,Q9Y6R7,0.826295
v_2,v_100,0.749
v_2,v_11,0.917
v_2,v_12,0.944
v_2,v_147,0.72039
v_2,v_152,0.84
v_2,v_185,0.755
v_2,v_20,0.805
v_2,v_24,0.84
v_2,v_25,0.8040750000000001
v_2,v_26,0.9283600000000001
v_2,v_27,0.84
v_2,v_28,0.9
v_2,v_3,0.837805
v_2,v_30,0.85221
v_2,v_31,0.949785
v_2,v_33,0.84
v_2,v_36,0.75543
v_2,v_38,0.714
v_2,v_4,0.87136
v_2,v_40,0.87613
v_2,v_42,0.84
v_2,v_48,0.87232
v_2,v_5,0.9315
v_2,v_52,0.8695999999999999
v_2,v_54,0.7718849999999999
v_2,v_58,0.801
v_2,v_60,0.78942
v_2,v_61,0.95878
v_2,v_62,0.9015
v_2,v_64,0.9
v_2,v_65,0.889
v_2,v_66,0.99698
v_2,v_67,0.8676799999999999
v_2,v_7,0.788755
v_2,v_72,0.8
v_2,v_75,0.90476
v_2,v_79,0.8274999999999999
v_2,v_8,0.9
v_2,v_81,0.84
v_2,v_83,0.84
v_2,v_84,0.79911
v_2,v_86,0.94304
v_20,v_17,0.724
v_20,v_25,0.872665
v_22,v_4,0.78881
v_23,v_4,0.896
v_24,Q5VT79,0.99831
v_24,v_4,0.84
v_27,v_8,0.94858
v_28,Q16587,0.71446
v_28,v_4,0.7187749999999999
v_30,v_4,0.85663
v_31,Q8NB59,0.75135
v_31,Q9BQS2,0.7573300000000001
v_31,Q9Y4P1,0.704
v_31,v_128,0.747
v_31,v_33,0.832
v_31,v_4,0.9
v_33,Q8TAI1,0.84
v_33,Q8WZA9,0.84
v_33,Q9BYU5,0.93969
v_33,v_101,0.94807
v_33,v_4,0.84
v_33,v_8,0.84
v_34,v_8,0.76875
v_36,v_4,0.8889799999999999
v_38,v_0,0.84
v_39,v_1,0.98536
v_4,O75575,0.78208
v_4,O95389,0.87008
v_4,P15514,0.9
v_4,P52943,0.8688
v_4,P69891,0.84
v_4,Q03060,0.84
v_4,Q13433,0.737
v_4,Q14994,0.7919750000000001
v_4,Q155Q3,0.84
v_4,Q16281,0.91589
v_4,Q16611,0.99982
v_4,Q16706,0.78
v_4,Q3MHD2,0.74
v_4,Q49MG5,0.79
v_4,Q5HYK7,0.9
v_4,Q5JPH6,0.822
v_4,Q5JWR5,0.769
v_4,Q5SZD1,0.84
v_4,Q5T1J5,0.74
v_4,Q5VTH9,0.806
v_4,Q6E0U4,0.896
v_4,Q6NSI1,0.74
v_4,Q6NVV7,0.84
v_4,Q6P1R3,0.84
v_4,Q6UX39,0.9
v_4,Q6VVB1,0.76
v_4,Q6ZTU2,0.837
v_4,Q7L0X0,0.75925
v_4,Q7Z3B0,0.731
v_4,Q7Z7F0,0.7252
v_4,Q7Z7G0,0.84
v_4,Q86UY5,0.708
v_4,Q86X59,0.748
v_4,Q86XI8,0.9248
v_4,Q8IV76,0.9
v_4,Q8IVI9,0.776
v_4,Q8N205,0.84
v_4,Q8N5I9,0.9264
v_4,Q8N635,0.741
v_4,Q8N6S5,0.8729600000000001
v_4,Q8N8R7,0.99344
v_4,Q8N8U2,0.73057
v_4,Q8N9Z2,0.84
v_4,Q8NA69,0.84
v_4,Q8NFU1,0.714
v_4,Q8TB68,0.84
v_4,Q8TEQ0,0.84
v_4,Q8WU68,0.99106
v_4,Q8WWF6,0.76671
v_4,Q8WYN0,0.89536
v_4,Q92670,0.78288
v_4,Q95460,0.91213
v_4,Q96C57,0.84
v_4,Q96EN9,0.84
v_4,Q96IU2,0.7
v_4,Q96LY2,0.97248
v_4,Q96N16,0.802
v_4,Q96N96,0.90688
v_4,Q96SU4,0.8180799999999999
v_4,Q99985,0.77361
v_4,Q9H0P0,0.906
v_4,Q9H2C2,0.84
v_4,Q9H400,0.92544
v_4,Q9H4M7,0.84
v_4,Q9H7T3,0.76
v_4,Q9HB19,0.7204
v_4,Q9HC38,0.8992
v_4,Q9HCJ1,0.761
v_4,Q9NQU5,0.84
v_4,Q9NQV5,0.74
v_4,Q9NT22,0.87008
v_4,Q9NV92,0.8832
v_4,Q9NXE4,0.86533
v_4,Q9NZP6,0.7
v_4,Q9NZQ7,0.8012
v_4,Q9NZS2,0.71844
v_4,Q9P2D6,0.84
v_4,Q9P2K5,0.7212
v_4,Q9UBF8,0.9250499999999999
v_4,Q9UFD9,0.84
v_4,Q9UIL1,0.79706
v_4,Q9UKF7,0.7288
v_4,Q9UKL3,0.9297
v_4,Q9UKS7,0.8186800000000001
v_4,Q9UMZ3,0.88582
v_4,Q9UNN4,0.76
v_4,Q9UPN6,0.84
v_4,Q9Y222,0.748
v_4,Q9Y2R9,0.8075
v_4,Q9Y3E7,0.8108
v_4,Q9Y4A5,0.9161999999999999
v_4,Q9Y5A7,0.85197
v_4,Q9Y5R5,0.746
v_4,Q9Y5V0,0.95072
v_4,Q9Y5X4,0.76708
v_4,Q9Y618,0.9137
v_4,Q9Y663,0.75557
v_4,Q9Y6R7,0.84
v_4,v_11,0.922
v_4,v_14,0.8670399999999999
v_4,v_147,0.781
v_4,v_163,0.84
v_4,v_166,0.7076
v_4,v_167,0.709
v_4,v_169,0.9216
v_4,v_173,0.8892
v_4,v_27,0.8864
v_4,v_37,0.896
v_4,v_40,0.99681
v_4,v_44,0.84
v_4,v_54,0.72523
v_4,v_57,0.7086600000000001
v_4,v_58,0.91482
v_4,v_60,0.82371
v_4,v_61,0.961265
v_4,v_64,0.7847999999999999
v_4,v_65,0.9
v_4,v_66,0.9923
v_4,v_75,0.84
v_4,v_8,0.9
v_4,v_81,0.9103600000000001
v_4,v_83,0.8695999999999999
v_4,v_86,0.903
v_40,Q6ZQY2,0.789
v_41,Q9UIL1,0.84
v_41,v_0,0.84
v_41,v_1,0.84
v_43,v_2,0.88512
v_45,v_0,0.94314
v_45,v_4,0.8
v_45,v_8,0.94211
v_5,Q9UBM8,0.84
v_5,v_64,0.904
v_51,v_1,0.74534
v_51,v_8,0.7166
v_6,Q8IV76,0.727
v_6,v_2,0.84
v_6,v_70,0.97751
v_62,P42336,0.9
v_62,v_8,0.9
v_63,v_1,0.711
v_64,Q5SZD1,0.84
v_64,Q96BZ9,0.727
v_64,v_8,0.7636
v_65,P42336,0.9
v_65,P42338,0.901
v_65,Q9NZQ7,0.83536
v_65,v_8,0.75675
v_67,Q6UW49,0.748
v_67,Q8NHY3,0.754
v_67,Q9BS86,0.748
v_67,Q9NXZ1,0.829
v_7,v_4,0.8795
v_7,v_8,0.88041
v_73,v_1,0.8361449999999999
v_76,Q9BSK0,0.789
v_76,v_2,0.805
v_78,Q9NSI2,0.87024
v_79,Q16873,0.904
v_8,O15529,0.99269
v_8,P09544,0.84
v_8,P17927,0.7356699999999999
v_8,Q15011,0.752
v_8,Q15788,0.9
v_8,Q16587,0.756
v_8,Q16611,0.89659
v_8,Q16873,0.892
v_8,Q5TFE4,0.92736
v_8,Q6BDI9,0.7168
v_8,Q6E0U4,0.9108
v_8,Q6NZ36,0.84
v_8,Q6NZY4,0.97696
v_8,Q6PGP7,0.71
v_8,Q6UX39,0.9
v_8,Q6UXT9,0.84
v_8,Q6ZPD9,0.84
v_8,Q8N0W5,0.736
v_8,Q8N1B3,0.8848
v_8,Q8N2C3,0.82588
v_8,Q8N6L7,0.93952
v_8,Q8N7P1,0.712
v_8,Q8N8U2,0.77532
v_8,Q8NB59,0.8215399999999999
v_8,Q8NH06,0.71436
v_8,Q8TC94,0.816
v_8,Q8TCU5,0.965
v_8,Q8WXH2,0.7474000000000001
v_8,Q8WZA6,0.8196899999999999
v_8,Q8WZA9,0.87304
v_8,Q96CP7,0.84
v_8,Q96GQ7,0.9555
v_8,Q96HH6,0.96376
v_8,Q96KW2,0.84538
v_8,Q96L14,0.7597
v_8,Q96SU4,0.8715200000000001
v_8,Q9BTY7,0.8672
v_8,Q9BZD3,0.9417
v_8,Q9GZM3,0.943
v_8,Q9H227,0.84
v_8,Q9H2H8,0.84
v_8,Q9HD45,0.84
v_8,Q9NQ39,0.89694
v_8,Q9NVA4,0.84
v_8,Q9NXE4,0.84
v_8,Q9NZQ7,0.7497699999999999
v_8,Q9P021,0.99682
v_8,Q9P1Y6,0.87905
v_8,Q9UBD0,0.8649600000000001
v_8,Q9UKL3,0.902
v_8,Q9UNN4,0.755
v_8,Q9Y2R9,0.9535
v_8,Q9Y4A5,0.9065000000000001
v_8,Q9Y618,0.9
v_8,v_105,0.91072
v_8,v_114,0.894
v_8,v_147,0.72
v_8,v_154,0.8276
v_8,v_17,0.933
v_8,v_19,0.84
v_8,v_42,0.918
v_8,v_9,0.84
v_80,Q9BSK0,0.735
v_80,v_76,0.733
v_81,Q8IY95,0.84
v_81,Q9NR77,0.84
v_81,v_0,0.84
v_81,v_44,0.752
v_82,v_1,0.705
v_84,Q9NRR1,0.734
v_86,P42345,0.9194
v_86,P46782,0.996
v_86,Q9Y2R9,0.83
v_86,v_8,0.9815
v_89,v_1,0.7278800000000001
v_89,v_5,0.73121
v_93,v_0,0.9974799999999999
v_93,v_1,0.70133
v_99,v_0,0.855255
v_99,v_1,0.85904
